pmid,year,country,country_source,countries_all,citation_count,citation_source,oa_matched
42686044,2025,Cambodia,openalex_ror,Cambodia|Turkey,0,openalex,True
42004649,2025,China,openalex_ror,China|Hong Kong,0,openalex,True
41982829,2025,Turkey,openalex_ror,Turkey,0,openalex,True
41982825,2025,Iran,openalex_ror,Iran,0,openalex,True
41767940,2025,China,openalex_ror,China,1,openalex,True
41597328,2025,Greece,openalex_ror,Greece,2,openalex,True
41488708,2025,Iran,openalex_ror,Iran,0,openalex,True
41488568,2025,United Kingdom,openalex_ror,United Kingdom,3,openalex,True
41488011,2025,India,openalex_ror,India|Iran|Ireland|Norway|United States,0,openalex,True
41487877,2025,Argentina,openalex_ror,Argentina|Peru|Spain|United States,0,openalex,True
41470103,2025,Croatia,openalex_ror,Croatia,0,openalex,True
41463605,2025,Austria,openalex_ror,Austria|Switzerland,0,openalex,True
41460917,2025,Turkey,openalex_ror,Turkey,0,openalex,True
41441936,2025,Germany,openalex_ror,Germany,0,openalex,True
41427448,2025,Croatia,openalex_ror,Croatia,0,openalex,True
41411984,2025,France,openalex_ror,France,0,openalex,True
41411262,2025,South Korea,openalex_ror,South Korea,1,openalex,True
41385122,2025,China,openalex_ror,China,0,openalex,True
41379987,2025,Mexico,affil_country_name,Mexico,4,openalex,True
41379517,2025,Peru,openalex_ror,Peru,0,openalex,True
41369671,2025,Turkey,openalex_ror,Turkey,0,openalex,True
41348243,2025,Germany,openalex_ror,Germany,1,openalex,True
41334308,2025,Iran,openalex_ror,Iran|Switzerland|United States,0,openalex,True
41328956,2025,Poland,openalex_ror,Poland,0,openalex,True
41320236,2025,United States,openalex_ror,United States,2,openalex,True
41310557,2025,Saudi Arabia,openalex_ror,Saudi Arabia,0,openalex,True
41303765,2025,Croatia,openalex_ror,Croatia|Japan,2,openalex,True
41253010,2025,India,openalex_ror,India,3,openalex,True
41252778,2025,Israel,openalex_ror,Israel,0,openalex,True
41247447,2025,China,openalex_ror,China,2,openalex,True
41242874,2025,Australia,openalex_ror,Australia,3,openalex,True
41240241,2025,Turkey,openalex_ror,Cambodia|Turkey,0,openalex,True
41232020,2025,India,openalex_ror,India,0,openalex,True
41226888,2025,Germany,openalex_ror,Germany|United States,4,openalex,True
41222196,2025,United States,openalex_ror,United States,0,openalex,True
41212961,2025,Switzerland,openalex_ror,Italy|Lebanon|Switzerland,4,openalex,True
41212959,2025,Brazil,openalex_ror,Brazil,1,openalex,True
41212223,2025,Brazil,openalex_ror,Brazil|United States,0,openalex,True
41207665,2025,Iran,openalex_ror,Iran|Iraq,0,openalex,True
41189774,2025,India,openalex_ror,India|United States,0,openalex,True
41189771,2025,Spain,openalex_ror,Spain,0,openalex,True
41189261,2025,Indonesia,openalex_ror,Indonesia,0,openalex,True
41160984,2025,United Kingdom,openalex_ror,United Kingdom,0,openalex,True
41159468,2025,Russia,affil_country_name,Netherlands|Russia,0,openalex,True
41156010,2025,Israel,openalex_ror,India|Israel,2,openalex,True
41138289,2025,Turkey,openalex_ror,Turkey,0,openalex,True
41138021,2025,Turkey,openalex_ror,Turkey,0,openalex,True
41137571,2025,Iran,openalex_ror,Iran,1,openalex,True
41120701,2025,Germany,openalex_ror,Germany,1,openalex,True
41118005,2025,Italy,openalex_ror,Italy,0,openalex,True
41111175,2025,Turkey,openalex_ror,Turkey,0,openalex,True
41099592,2025,China,openalex_ror,China,0,openalex,True
41077843,2025,Turkey,openalex_ror,Turkey,1,openalex,True
41072214,2025,China,openalex_ror,China,2,openalex,True
41069410,2025,United Kingdom,openalex_ror,United Kingdom,0,openalex,True
41067570,2025,China,openalex_ror,China,0,openalex,True
41065737,2025,Italy,openalex_ror,Italy,0,openalex,True
41059234,2025,Turkey,openalex_ror,Turkey,0,openalex,True
41035435,2025,United States,openalex_ror,United States,1,openalex,True
41024775,2025,Iran,openalex_ror,Iran,0,openalex,True
41022958,2025,New Zealand,openalex_ror,New Zealand,0,openalex,True
41016520,2025,Australia,openalex_ror,Australia,0,openalex,True
41016259,2025,China,openalex_ror,China|United Kingdom,0,openalex,True
41010702,2025,Canada,openalex_ror,Canada,0,openalex,True
41005617,2025,India,openalex_ror,India|United States,2,openalex,True
41005610,2025,Germany,openalex_ror,Germany|Switzerland,1,openalex,True
41003712,2025,South Africa,affil_country_name,South Africa|United States,0,openalex,True
40995987,2025,United States,openalex_ror,United States,0,openalex,True
40986049,2025,Italy,openalex_ror,Italy|Latvia|Spain,2,openalex,True
40985801,2025,Switzerland,openalex_ror,Belgium|Switzerland,3,openalex,True
40981503,2025,United States,openalex_ror,United Kingdom|United States,5,openalex,True
40977849,2025,Lebanon,openalex_ror,Lebanon,2,openalex,True
40963953,2025,India,openalex_ror,Australia|India,0,openalex,True
40943747,2025,United States,openalex_ror,Chile|United States,12,openalex,True
40936031,2025,United States,openalex_ror,Taiwan|United States,1,openalex,True
40924118,2025,Germany,openalex_ror,Germany,1,openalex,True
40923612,2025,Brazil,openalex_ror,Brazil,0,openalex,True
40922458,2025,New Zealand,openalex_ror,New Zealand|United States,1,openalex,True
40884264,2025,India,openalex_ror,India,1,openalex,True
40882695,2025,China,openalex_ror,China,1,openalex,True
40877860,2025,Iran,openalex_ror,Iran,6,openalex,True
40858243,2025,China,openalex_ror,China|Taiwan|United Kingdom,2,openalex,True
40879550,2025,Portugal,openalex_ror,Australia|Portugal,0,openalex,True
40875071,2025,Iran,openalex_ror,Iran,0,openalex,True
40875067,2025,China,openalex_ror,China|Hong Kong,2,openalex,True
40866781,2025,United Kingdom,openalex_ror,Greece|Switzerland|United Kingdom,1,openalex,True
40859367,2025,Iran,openalex_ror,Iran|United States,4,openalex,True
40856685,2025,Iran,openalex_ror,Iran,2,openalex,True
40832557,2025,United States,openalex_ror,United States,0,openalex,True
40808215,2025,Turkey,openalex_ror,Turkey,1,openalex,True
40806799,2025,Greece,openalex_ror,Greece,1,openalex,True
40802143,2025,AG,openalex_ror,AG|Turkey,0,openalex,True
40801382,2025,United States,affil_city_hint,United States,0,openalex,True
40785319,2025,Turkey,openalex_ror,Turkey,0,openalex,True
40773279,2025,United States,openalex_ror,United States,1,openalex,True
40768427,2025,United States,openalex_ror,United States,0,openalex,True
40764097,2025,China,openalex_ror,China,0,openalex,True
40762451,2025,Turkey,openalex_ror,Turkey,2,openalex,True
40761516,2025,China,openalex_ror,China,3,openalex,True
40755901,2025,China,openalex_ror,China|Macao|United Kingdom,5,openalex,True
40747622,2025,Italy,openalex_ror,Italy,6,openalex,True
40706041,2025,New Zealand,openalex_ror,New Zealand,0,openalex,True
40705354,2025,India,openalex_ror,India|United States,7,openalex,True
40699110,2025,Turkey,openalex_ror,Turkey,1,openalex,True
40698114,2025,Romania,openalex_ror,Romania,2,openalex,True
40676279,2025,India,openalex_ror,India,0,openalex,True
40666275,2025,United Kingdom,openalex_ror,Ireland|United Kingdom,5,openalex,True
40659372,2025,Italy,openalex_ror,Belgium|Italy|United Kingdom,2,openalex,True
40649066,2025,United Kingdom,openalex_ror,United Kingdom,2,openalex,True
40648862,2025,Romania,openalex_ror,Romania,1,openalex,True
40630944,2025,Germany,openalex_ror,Germany,2,openalex,True
40630907,2025,United Arab Emirates,openalex_ror,Russia|United Arab Emirates,0,openalex,True
40630024,2025,Sweden,openalex_ror,Denmark|Sweden,3,openalex,True
40629561,2025,Canada,openalex_ror,Canada,0,openalex,True
40626437,2025,Unknown,no_affiliation,Switzerland,5,openalex,True
40626435,2025,Unknown,no_affiliation,China,7,openalex,True
40626433,2025,India,openalex_ror,India,3,openalex,True
40626430,2025,Unknown,no_affiliation,China,0,openalex,True
40626429,2025,Switzerland,openalex_ror,Switzerland,4,openalex,True
40597090,2025,China,openalex_ror,China|United States,0,openalex,True
40596945,2025,Philippines,openalex_ror,Australia|Philippines,5,openalex,True
40591368,2025,India,openalex_ror,Australia|India,1,openalex,True
40586201,2025,India,openalex_ror,India,0,openalex,True
40586186,2025,India,affil_country_name,India,2,openalex,True
40585528,2025,Switzerland,openalex_ror,Germany|Greece|Iran|Switzerland,1,openalex,True
40583201,2025,Turkey,openalex_ror,Turkey,1,openalex,True
40583187,2025,China,openalex_ror,China,1,openalex,True
40582688,2025,Austria,openalex_ror,Austria,2,openalex,True
40580225,2025,Thailand,openalex_ror,Thailand,2,openalex,True
40557955,2025,Australia,openalex_ror,Australia,0,openalex,True
40546526,2025,United Kingdom,openalex_ror,Austria|United Kingdom,1,openalex,True
40539632,2025,Norway,openalex_ror,Norway,0,openalex,True
40534811,2025,China,openalex_ror,China,2,openalex,True
40534684,2025,United Arab Emirates,openalex_ror,Russia|United Arab Emirates,0,openalex,True
40529104,2025,Italy,openalex_ror,Italy|Japan,7,openalex,True
40520475,2025,United States,openalex_ror,United States,3,openalex,True
40513991,2025,United States,openalex_ror,United States,11,openalex,True
40492632,2025,Portugal,openalex_ror,Portugal,0,openalex,True
40488477,2025,Italy,openalex_ror,Italy,1,openalex,True
40487179,2025,China,openalex_ror,China,4,openalex,True
40474170,2025,China,openalex_ror,China,3,openalex,True
40468035,2025,Turkey,openalex_ror,Turkey,0,openalex,True
40465589,2025,United States,openalex_ror,United States,2,openalex,True
40459640,2025,China,openalex_ror,China,0,openalex,True
40456396,2025,China,openalex_ror,China,3,openalex,True
40455349,2025,Egypt,openalex_ror,Egypt|Palestine,1,openalex,True
40447612,2025,Turkey,openalex_ror,Turkey,0,openalex,True
40446871,2025,China,openalex_ror,China,6,openalex,True
40427084,2025,Canada,openalex_ror,Canada,0,openalex,True
40423617,2025,China,openalex_ror,China,4,openalex,True
40402979,2025,New Zealand,openalex_ror,New Zealand,2,openalex,True
40385105,2025,Egypt,openalex_ror,Egypt,2,openalex,True
40357455,2025,Saudi Arabia,openalex_ror,Kuwait|Saudi Arabia|United Kingdom,9,openalex,True
40345843,2025,United States,openalex_ror,United States,4,openalex,True
40340679,2025,Finland,openalex_ror,Finland,0,openalex,True
40340672,2025,Unknown,no_affiliation,Egypt,1,openalex,True
40328290,2025,Australia,openalex_ror,Australia,5,openalex,True
40319215,2025,Turkey,openalex_ror,Turkey,0,openalex,True
40288478,2025,China,openalex_ror,China,2,openalex,True
40283414,2025,Germany,openalex_ror,Germany,0,openalex,True
40277277,2025,United States,openalex_ror,United States,4,openalex,True
40272309,2025,India,openalex_ror,India,0,openalex,True
40272228,2025,India,openalex_ror,India,0,openalex,True
40269767,2025,Iran,openalex_ror,Iran,10,openalex,True
40265998,2025,United States,openalex_ror,United States,0,openalex,True
40258779,2025,Turkey,openalex_ror,Turkey,1,openalex,True
40257878,2025,China,openalex_ror,China,1,openalex,True
40252785,2025,Iran,openalex_ror,Iran,1,openalex,True
40245974,2025,Italy,openalex_ror,Italy,8,openalex,True
40243077,2025,Jordan,openalex_ror,Iraq|Jordan|Qatar,6,openalex,True
40243075,2025,Turkey,openalex_ror,Turkey,3,openalex,True
40243052,2025,India,openalex_ror,India,2,openalex,True
40240685,2025,South Africa,affil_country_name,South Africa|United States,0,openalex,True
40237849,2025,Germany,openalex_ror,Germany,1,openalex,True
40233220,2025,United States,openalex_ror,United States,0,openalex,True
40228740,2025,Morocco,openalex_ror,Morocco,0,openalex,True
40228578,2025,United States,openalex_ror,United States,0,openalex,True
40227070,2025,China,openalex_ror,China,4,openalex,True
40224291,2025,Taiwan,affil_country_name,Taiwan,0,openalex,True
40208893,2025,Germany,openalex_ror,Germany,2,openalex,True
40195540,2025,China,openalex_ror,China,2,openalex,True
40189884,2025,China,openalex_ror,China,0,openalex,True
40185942,2025,Turkey,openalex_ror,Brazil|Turkey,0,openalex,True
40172865,2025,United States,openalex_ror,Kenya|United States,5,openalex,True
40157723,2025,Turkey,openalex_ror,Turkey|United States,6,openalex,True
40156710,2025,Germany,openalex_ror,Germany|Switzerland,0,openalex,True
40150026,2025,Ireland,openalex_ror,Ireland,0,openalex,True
40146322,2025,Israel,openalex_ror,Israel,0,openalex,True
40132091,2025,Portugal,openalex_ror,Portugal,1,openalex,True
40132089,2025,Peru,openalex_ror,Peru|United States,0,openalex,True
40116407,2025,United States,openalex_ror,United States,4,openalex,True
40103957,2025,China,openalex_ror,China|United Kingdom,1,openalex,True
40102797,2025,Iran,openalex_ror,Iran,4,openalex,True
40100211,2025,United States,openalex_ror,United States,4,openalex,True
40097631,2025,China,openalex_ror,China,6,openalex,True
40095727,2025,Poland,openalex_ror,Poland,19,openalex,True
40091159,2025,Israel,openalex_ror,Israel,5,openalex,True
40088395,2025,United States,openalex_ror,United States,2,openalex,True
40085326,2025,Germany,openalex_ror,Germany,5,openalex,True
40077129,2025,Romania,openalex_ror,Romania,0,openalex,True
40075873,2025,Turkey,openalex_ror,Turkey,5,openalex,True
40073226,2025,Finland,openalex_ror,Finland,0,openalex,True
40058739,2025,Turkey,openalex_ror,Turkey,5,openalex,True
40054831,2025,United States,openalex_ror,United States,1,openalex,True
40032557,2025,United States,openalex_ror,United States,2,openalex,True
40032266,2025,United Kingdom,openalex_ror,United Kingdom,2,openalex,True
40029248,2025,Switzerland,openalex_ror,Belgium|Switzerland,1,openalex,True
40023354,2025,Spain,openalex_ror,Spain,8,openalex,True
40015314,2025,Switzerland,openalex_ror,Switzerland,1,openalex,True
40007675,2024,Turkey,openalex_ror,Turkey,1,openalex,True
40007091,2025,South Korea,openalex_ror,South Korea,1,openalex,True
40000195,2025,China,openalex_ror,China,0,openalex,True
39988435,2025,Germany,openalex_ror,Germany,5,openalex,True
39974065,2025,United States,openalex_ror,United States,0,openalex,True
39964616,2025,Turkey,openalex_ror,Turkey,0,openalex,True
39961450,2025,Iran,openalex_ror,Iran|United Kingdom|United States,5,openalex,True
39960629,2025,India,openalex_ror,India|United States,2,openalex,True
39956631,2025,Germany,openalex_ror,Germany,2,openalex,True
39941444,2025,Japan,openalex_ror,Japan,1,openalex,True
39938918,2025,Turkey,openalex_ror,Turkey,0,openalex,True
39936068,2024,Romania,openalex_ror,Romania,1,openalex,True
39936067,2024,Romania,openalex_ror,Romania,1,openalex,True
39935895,2025,Spain,openalex_ror,Mexico|Spain,4,openalex,True
39931019,2025,Israel,openalex_ror,Israel,0,openalex,True
39928056,2025,Spain,openalex_ror,Spain,1,openalex,True
39917458,2024,Iran,openalex_ror,Iran,0,openalex,True
39917039,2024,Saudi Arabia,openalex_ror,Italy|Saudi Arabia,3,openalex,True
39913949,2025,Sweden,openalex_ror,Australia|Sweden,1,openalex,True
39907998,2025,United Kingdom,openalex_ror,Switzerland|United Kingdom,0,openalex,True
39890769,2025,Turkey,openalex_ror,Turkey|United Kingdom,1,openalex,True
39883547,2025,Netherlands,openalex_ror,Israel|Netherlands,4,openalex,True
39883041,2025,United States,openalex_ror,Turkey|United States,4,openalex,True
39841871,2025,United States,openalex_ror,United States,0,openalex,True
39840211,2024,Jordan,openalex_ror,Jordan|United States,0,openalex,True
39830041,2025,United States,openalex_ror,United States,0,openalex,True
39828103,2025,Brazil,openalex_ror,Brazil,1,openalex,True
39827234,2025,China,openalex_ror,China,1,openalex,True
39812204,2025,Tunisia,openalex_ror,Tunisia,0,openalex,True
39803133,2024,Greece,openalex_ror,Greece,0,openalex,True
39779526,2025,South Africa,openalex_ror,South Africa,6,openalex,True
39774276,2024,Egypt,openalex_ror,Egypt,1,openalex,True
39767411,2024,Brazil,openalex_ror,Brazil,7,openalex,True
39748383,2025,Switzerland,openalex_ror,Switzerland,7,openalex,True
39702781,2024,Turkey,openalex_ror,Turkey,4,openalex,True
39698801,2024,Sweden,openalex_ror,Sweden,4,openalex,True
39694162,2024,Switzerland,openalex_ror,Switzerland,0,openalex,True
39685482,2024,Greece,openalex_ror,Greece,1,openalex,True
39681236,2024,India,affil_country_name,India|United Kingdom,3,openalex,True
39681212,2024,Switzerland,openalex_ror,Israel|Italy|Lebanon|Switzerland,43,openalex,True
39680566,2025,China,openalex_ror,China|Switzerland,3,openalex,True
39667724,2024,Italy,openalex_ror,Italy,0,openalex,True
39665995,2024,Bahrain,openalex_ror,Bahrain|Spain,9,openalex,True
39656259,2024,Unknown,no_affiliation,India,2,openalex,True
39656257,2024,Unknown,no_affiliation,United States,2,openalex,True
39651500,2024,India,openalex_ror,India,0,openalex,True
39648366,2024,Australia,openalex_ror,Australia,0,openalex,True
39648040,2025,Unknown,no_affiliation,,0,openalex,True
39638582,2024,Portugal,openalex_ror,Portugal,0,openalex,True
39622486,2024,China,openalex_ror,Australia|China|United Kingdom,2,openalex,True
39617116,2024,United States,openalex_ror,United States,6,openalex,True
39609966,2024,Pakistan,openalex_ror,Pakistan,3,openalex,True
39607156,2024,Brazil,openalex_ror,Brazil,0,openalex,True
39602353,2025,Germany,openalex_ror,Germany,4,openalex,True
39600613,2024,Italy,openalex_ror,Italy,3,openalex,True
39593816,2024,China,openalex_ror,China,1,openalex,True
39569790,2024,Russia,openalex_ror,Russia,0,openalex,True
39569780,2024,Slovakia,openalex_ror,Slovakia,1,openalex,True
39563679,2024,Brazil,openalex_ror,Brazil,4,openalex,True
39560631,2024,Unknown,unresolved,,0,openalex,True
39550403,2024,Germany,affil_country_name,Germany|United States,6,openalex,True
39539159,2024,Taiwan,affil_country_name,Taiwan,2,openalex,True
39537985,2024,Italy,openalex_ror,Italy,0,openalex,True
39531332,2024,India,openalex_ror,India,0,openalex,True
39530978,2024,Unknown,no_affiliation,Lebanon,19,openalex,True
39529319,2024,Egypt,affil_country_name,Egypt,0,openalex,True
39526300,2024,Brazil,openalex_ror,Brazil|Switzerland,0,openalex,True
39513430,2024,Saudi Arabia,openalex_ror,Saudi Arabia,0,openalex,True
39509277,2024,Spain,openalex_ror,Iran|Kuwait|Spain,2,openalex,True
39504051,2024,United States,openalex_ror,United States,4,openalex,True
39500946,2024,South Korea,openalex_ror,South Korea,1,openalex,True
39499155,2025,Lebanon,openalex_ror,India|Lebanon|Switzerland,18,openalex,True
39499132,2024,United States,openalex_ror,United States,3,openalex,True
39478495,2024,Turkey,openalex_ror,Turkey,7,openalex,True
39470468,2024,Germany,openalex_ror,Germany,6,openalex,True
39465030,2024,Saudi Arabia,openalex_ror,Saudi Arabia,0,openalex,True
39464751,2024,India,affil_country_name,India,0,openalex,True
39455420,2024,Italy,affil_country_name,Italy,1,openalex,True
39451590,2024,Croatia,affil_country_name,Croatia,3,openalex,True
39448666,2024,United States,openalex_ror,India|Japan|Switzerland|United Kingdom|United States,82,openalex,True
39444422,2024,Croatia,openalex_ror,Brazil|Croatia,1,openalex,True
39443505,2024,Turkey,openalex_ror,Turkey,8,openalex,True
39435192,2024,India,openalex_ror,India,1,openalex,True
39434060,2024,United States,openalex_ror,United States,4,openalex,True
39429567,2024,China,openalex_ror,China,2,openalex,True
39407831,2024,Italy,openalex_ror,India|Italy|Lebanon|Switzerland,8,openalex,True
39396644,2024,India,openalex_ror,India,11,openalex,True
39365247,2024,United States,openalex_ror,United States,3,openalex,True
39342257,2024,China,openalex_ror,China,24,openalex,True
39316192,2024,India,openalex_ror,Australia|India,0,openalex,True
39309596,2022,India,openalex_ror,India,1,openalex,True
39297498,2024,India,openalex_ror,India,6,openalex,True
39297889,2024,Germany,openalex_ror,Germany,3,openalex,True
39302502,2024,China,openalex_ror,China,1,openalex,True
39272734,2024,Poland,openalex_ror,Poland,2,openalex,True
39257083,2024,India,openalex_ror,India,3,openalex,True
39254239,2024,Lebanon,openalex_ror,Lebanon,10,openalex,True
39246558,2024,India,affil_country_name,India,34,openalex,True
39246198,2024,China,openalex_ror,China|United Kingdom,13,openalex,True
39215849,2024,Australia,openalex_ror,Australia,7,openalex,True
39211657,2024,United States,openalex_ror,United States,8,openalex,True
39208371,2024,India,openalex_ror,India|United States,0,openalex,True
39188874,2024,China,openalex_ror,China,4,openalex,True
39188672,2024,Saudi Arabia,openalex_ror,Saudi Arabia,1,openalex,True
39170348,2024,China,openalex_ror,China,24,openalex,True
39140888,2024,Spain,openalex_ror,France|Spain,3,openalex,True
39110318,2024,Brazil,openalex_ror,Brazil|Croatia,0,openalex,True
39109737,2024,Brazil,openalex_ror,Brazil,0,openalex,True
39090846,2024,Turkey,openalex_ror,Turkey,2,openalex,True
39083227,2024,Portugal,openalex_ror,Portugal,4,openalex,True
39047195,2024,New Zealand,openalex_ror,Australia|New Zealand|United States,1,openalex,True
39032624,2024,United States,openalex_ror,United States,4,openalex,True
39026917,2024,Turkey,openalex_ror,Turkey,5,openalex,True
39026900,2024,China,openalex_ror,China,2,openalex,True
39025900,2024,Switzerland,openalex_ror,Switzerland,3,openalex,True
39023444,2024,Switzerland,openalex_ror,Switzerland,5,openalex,True
39012335,2024,India,openalex_ror,India,3,openalex,True
38992130,2024,Italy,openalex_ror,Austria|Italy,3,openalex,True
38983453,2024,Netherlands,openalex_ror,Netherlands,2,openalex,True
38978828,2024,Jordan,openalex_ror,Jordan,12,openalex,True
38970233,2024,Sweden,openalex_ror,Denmark|Sweden,7,openalex,True
38956931,2024,Germany,openalex_ror,Germany,2,openalex,True
38951161,2024,China,openalex_ror,China|United Kingdom|United States,36,openalex,True
38950099,2024,United States,openalex_ror,United States,2,openalex,True
38935041,2024,United States,openalex_ror,United States,11,openalex,True
38929636,2024,Italy,openalex_ror,Italy,6,openalex,True
38908553,2024,Italy,openalex_ror,Italy,12,openalex,True
38900717,2024,United Kingdom,openalex_ror,United Kingdom,3,openalex,True
38897147,2024,China,openalex_ror,Australia|China|United Kingdom,3,openalex,True
38888803,2024,Sweden,openalex_ror,Sweden,0,openalex,True
38884654,2024,Germany,openalex_ror,Germany,14,openalex,True
38855010,2024,Bosnia and Herzegovina,affil_country_name,Bosnia and Herzegovina,0,openalex,True
38853628,2024,United Kingdom,openalex_ror,Turkey|United Kingdom,2,openalex,True
38848056,2024,Turkey,openalex_ror,Turkey,17,openalex,True
38830532,2024,Germany,openalex_ror,Germany,44,openalex,True
38830186,2024,United States,openalex_ror,United States,34,openalex,True
38826919,2024,Saudi Arabia,openalex_ror,Saudi Arabia,2,openalex,True
38813739,2024,United States,openalex_ror,United States,14,openalex,True
38800368,2024,China,openalex_ror,China,4,openalex,True
38772872,2024,Australia,openalex_ror,Australia,0,openalex,True
38767551,2024,India,openalex_ror,India,4,openalex,True
38766341,2024,Italy,openalex_ror,Italy,11,openalex,True
38759151,2024,United States,openalex_ror,United States,6,openalex,True
38759150,2024,India,openalex_ror,India,1,openalex,True
38747449,2024,Turkey,openalex_ror,Turkey,3,openalex,True
38742503,2024,Russia,openalex_ror,Russia,3,openalex,True
38742501,2024,Russia,openalex_ror,Russia,1,openalex,True
38727695,2024,Germany,openalex_ror,Germany,17,openalex,True
38721520,2024,China,openalex_ror,China,4,openalex,True
38710236,2024,Iran,openalex_ror,Austria|Brazil|Iran|Italy|Spain|Switzerland|United States,11,openalex,True
38706148,2024,Switzerland,openalex_ror,Australia|France|Switzerland|United Kingdom,5,openalex,True
38700950,2024,United States,openalex_ror,United States,9,openalex,True
38700496,2024,United States,openalex_ror,United States,8,openalex,True
38698363,2024,Iran,openalex_ror,Iran,4,openalex,True
38697616,2024,Italy,openalex_ror,Italy,5,openalex,True
38687167,2024,Germany,openalex_ror,Germany,3,openalex,True
38677927,2024,Italy,openalex_ror,Italy,8,openalex,True
38654993,2024,United States,openalex_ror,United States,10,openalex,True
38654992,2024,India,openalex_ror,India,0,openalex,True
38648433,2024,India,openalex_ror,India,2,openalex,True
38623696,2024,India,openalex_ror,India,0,openalex,True
38609652,2024,Turkey,openalex_ror,Turkey,7,openalex,True
38608970,2024,Italy,openalex_ror,Italy,3,openalex,True
38593263,2024,Unknown,no_affiliation,India,3,openalex,True
38590463,2024,Qatar,openalex_ror,Qatar|United States,9,openalex,True
38583820,2024,India,openalex_ror,India,1,openalex,True
38573840,2024,United States,openalex_ror,United States,24,openalex,True
38558790,2024,China,openalex_ror,China|United Kingdom|United States,7,openalex,True
38557918,2024,Turkey,openalex_ror,Turkey,6,openalex,True
38537067,2024,France,affil_country_name,France,8,openalex,True
38528481,2024,Italy,openalex_ror,Italy,2,openalex,True
38525385,2024,Brazil,openalex_ror,Brazil|United States,11,openalex,True
38513713,2024,Israel,openalex_ror,Finland|Israel|United Kingdom|United States,7,openalex,True
38502352,2024,Italy,openalex_ror,Italy,8,openalex,True
38499839,2024,Turkey,openalex_ror,Turkey,2,openalex,True
38498219,2024,Mexico,openalex_ror,Mexico,0,openalex,True
38483915,2024,Unknown,no_affiliation,,0,openalex,True
38466760,2024,Unknown,no_affiliation,Italy,4,openalex,True
38465837,2024,Sweden,openalex_ror,Sweden,10,openalex,True
38453148,2024,China,openalex_ror,China,6,openalex,True
38451681,2024,Brazil,openalex_ror,Brazil,0,openalex,True
38448965,2024,Germany,openalex_ror,Germany,10,openalex,True
38414033,2024,United Kingdom,openalex_ror,China|United Kingdom,4,openalex,True
38409307,2024,United Kingdom,openalex_ror,United Kingdom,3,openalex,True
38401513,2024,China,openalex_ror,China,2,openalex,True
38391266,2024,Switzerland,openalex_ror,Belgium|Switzerland,3,openalex,True
38389251,2024,India,affil_country_name,France|India,9,openalex,True
38381615,2024,Australia,openalex_ror,Australia,8,openalex,True
38376862,2024,China,openalex_ror,China,9,openalex,True
38363414,2024,Turkey,openalex_ror,Turkey|United States,2,openalex,True
38357612,2023,Egypt,openalex_ror,Egypt,5,openalex,True
38348140,2024,Portugal,openalex_ror,Portugal,4,openalex,True
38345049,2024,Spain,openalex_ror,Spain|United Kingdom,0,openalex,True
38342827,2024,Turkey,openalex_ror,Turkey,3,openalex,True
38337384,2024,Australia,openalex_ror,Australia|Canada,0,openalex,True
38317793,2024,Egypt,openalex_ror,Egypt,2,openalex,True
38317046,2024,Turkey,openalex_ror,Turkey,0,openalex,True
38310973,2024,United States,openalex_ror,India|United States,14,openalex,True
38296321,2024,China,openalex_ror,China,2,openalex,True
38292881,2023,United States,openalex_ror,United States,0,openalex,True
38292854,2024,United States,openalex_ror,United States,7,openalex,True
38289746,2024,Germany,openalex_ror,Germany,4,openalex,True
38289609,2024,Switzerland,openalex_ror,Belgium|Switzerland,8,openalex,True
38288954,2024,Pakistan,openalex_ror,Bolivia|Brazil|India|Pakistan|United States,9,openalex,True
38274339,2024,China,openalex_ror,China,1,openalex,True
38271415,2024,Russia,openalex_ror,Russia,2,openalex,True
38267904,2024,Belgium,openalex_ror,Belgium|Switzerland,9,openalex,True
38256126,2024,Poland,openalex_ror,Poland,14,openalex,True
38234306,2024,Iran,openalex_ror,Iran,3,openalex,True
38232738,2024,Germany,openalex_ror,Germany,5,openalex,True
38223815,2024,Egypt,affil_country_name,Egypt,79,openalex,True
38211780,2024,China,openalex_ror,China|United States,7,openalex,True
38206955,2024,Australia,openalex_ror,Australia,4,openalex,True
38203537,2023,Poland,openalex_ror,Poland,3,openalex,True
38176513,2024,Saudi Arabia,openalex_ror,Poland|Saudi Arabia,3,openalex,True
38173952,2024,United Kingdom,openalex_ror,United Kingdom,2,openalex,True
38162570,2022,India,openalex_ror,India,3,openalex,True
38162561,2022,Lebanon,openalex_ror,Lebanon,1,openalex,True
38153964,2023,India,openalex_ror,India,16,openalex,True
38137894,2023,Israel,openalex_ror,Finland|Israel|Russia,5,openalex,True
38131580,2023,India,openalex_ror,India,4,openalex,True
38131579,2023,India,openalex_ror,India,18,openalex,True
38131577,2023,India,openalex_ror,India,6,openalex,True
38130115,2023,Turkey,openalex_ror,Turkey,5,openalex,True
38077780,2023,United Arab Emirates,openalex_ror,United Arab Emirates,0,openalex,True
38073672,2023,Canada,openalex_ror,Canada,1,openalex,True
38059102,2023,Oman,openalex_ror,Oman,5,openalex,True
38035410,2023,Spain,openalex_ror,Portugal|Spain,1,openalex,True
38026898,2023,Switzerland,openalex_ror,Switzerland,9,openalex,True
38016022,2023,India,openalex_ror,India,5,openalex,True
38015419,2024,Canada,openalex_ror,Canada,3,openalex,True
37985976,2023,China,openalex_ror,China,2,openalex,True
37983864,2023,Sweden,openalex_ror,Sweden,2,openalex,True
37983313,2023,Israel,openalex_ror,Israel,2,openalex,True
37951953,2023,China,openalex_ror,China,16,openalex,True
37939068,2023,South Korea,openalex_ror,South Korea,7,openalex,True
37938377,2023,Australia,openalex_ror,Australia,19,openalex,True
37937759,2023,Unknown,no_affiliation,Lebanon,47,openalex,True
37937755,2023,India,openalex_ror,India,1,openalex,True
37930667,2023,Japan,openalex_ror,Japan,2,openalex,True
37926879,2023,Pakistan,openalex_ror,Pakistan,2,openalex,True
37919690,2023,Switzerland,openalex_ror,France|Italy|Switzerland|United Kingdom,5,openalex,True
37910298,2023,Japan,openalex_ror,Japan,2,openalex,True
37890110,2023,New Zealand,openalex_ror,New Zealand,6,openalex,True
37882774,2024,China,openalex_ror,China,2,openalex,True
37876513,2023,Romania,openalex_ror,Romania,4,openalex,True
37868794,2023,United States,openalex_ror,Denmark|United States,10,openalex,True
37861937,2023,Egypt,openalex_ror,BI|Egypt,3,openalex,True
37859806,2023,United States,openalex_ror,United States,3,openalex,True
37858944,2024,Lebanon,openalex_ror,Lebanon|Switzerland,2,openalex,True
37851565,2023,Norway,openalex_ror,Norway,18,openalex,True
37850947,2023,China,openalex_ror,Australia|China|United Kingdom,9,openalex,True
37847112,2024,United States,openalex_ror,United States,2,openalex,True
37846374,2022,India,openalex_ror,India|United States,8,openalex,True
37841929,2023,China,openalex_ror,China,5,openalex,True
37823889,2023,Germany,openalex_ror,Germany|Netherlands,0,openalex,True
37805417,2023,China,openalex_ror,China,1,openalex,True
37805413,2023,China,openalex_ror,China,1,openalex,True
37791258,2023,United States,affil_country_name,United States,,,False
37774800,2023,Italy,openalex_ror,Italy|Spain,54,openalex,True
37748681,2023,Switzerland,openalex_ror,Switzerland,0,openalex,True
37745064,2023,Israel,openalex_ror,Israel|Switzerland,7,openalex,True
37743491,2023,Switzerland,openalex_ror,Italy|Switzerland,0,openalex,True
37739426,2023,Sweden,openalex_ror,Denmark|Sweden,5,openalex,True
37738058,2023,Switzerland,openalex_ror,Switzerland,9,openalex,True
37736107,2023,United States,openalex_ror,United States,99,openalex,True
37733982,2023,United States,openalex_ror,United States,3,openalex,True
37720204,2023,United States,openalex_ror,United States,4,openalex,True
37702600,2023,Iran,openalex_ror,Iran|Spain|United States,4,openalex,True
37699556,2023,Italy,openalex_ror,Egypt|Italy|Latvia|Norway,18,openalex,True
37683969,2023,United States,openalex_ror,United States,19,openalex,True
37675907,2023,Unknown,no_affiliation,United States,3,openalex,True
37672103,2023,Germany,openalex_ror,Germany,2,openalex,True
37671401,2023,Italy,openalex_ror,Italy,9,openalex,True
37669421,2023,Greece,openalex_ror,Greece,16,openalex,True
37661651,2023,Spain,openalex_ror,Spain,5,openalex,True
37653457,2023,Switzerland,openalex_ror,Italy|Switzerland,4,openalex,True
37627753,2023,New Zealand,openalex_ror,New Zealand|United States,11,openalex,True
37625627,2023,Italy,openalex_ror,Italy,2,openalex,True
37602613,2023,India,openalex_ror,India,6,openalex,True
37602610,2023,Brazil,openalex_ror,Brazil,5,openalex,True
37602609,2023,United States,openalex_ror,India|United States,10,openalex,True
37578174,2023,Unknown,no_affiliation,United States,11,openalex,True
37565471,2023,United States,openalex_ror,China|United States,19,openalex,True
37551356,2022,Thailand,openalex_ror,Thailand,4,openalex,True
37546376,2023,United States,openalex_ror,United States,2,openalex,True
37543736,2023,Australia,openalex_ror,Australia,3,openalex,True
37534322,2023,China,openalex_ror,China,12,openalex,True
37532250,2023,United States,openalex_ror,United States,4,openalex,True
37506367,2023,United States,openalex_ror,United States,2,openalex,True
37495952,2023,Egypt,openalex_ror,Egypt,6,openalex,True
37495937,2023,China,openalex_ror,China,2,openalex,True
37484615,2022,India,openalex_ror,India|Switzerland,19,openalex,True
37483635,2023,Poland,openalex_ror,Poland,13,openalex,True
37478962,2023,Italy,openalex_ror,Italy,18,openalex,True
37470861,2023,United States,openalex_ror,United States,4,openalex,True
37469861,2023,United States,openalex_ror,United States,3,openalex,True
37460969,2023,Brazil,openalex_ror,Brazil,12,openalex,True
37460958,2023,Egypt,openalex_ror,Egypt,1,openalex,True
37454921,2023,United States,openalex_ror,United States,14,openalex,True
37436552,2023,Israel,openalex_ror,Germany|Israel,2,openalex,True
37426451,2023,United States,openalex_ror,United States,16,openalex,True
37425031,2023,Peru,affil_country_name,Chile|Peru|United States,11,openalex,True
37409272,2023,India,openalex_ror,Brazil|India|Singapore|Spain|United Kingdom,156,openalex,True
37395906,2023,Italy,openalex_ror,Italy|Poland,11,openalex,True
37389763,2023,Saudi Arabia,openalex_ror,Saudi Arabia,5,openalex,True
37379104,2023,Russia,openalex_ror,Russia,3,openalex,True
37374247,2023,Croatia,openalex_ror,Croatia,2,openalex,True
37369766,2023,Australia,openalex_ror,Australia|Italy|New Zealand,34,openalex,True
37367742,2023,Italy,openalex_ror,Italy,13,openalex,True
37352980,2023,Spain,openalex_ror,Italy|Latvia|Spain,67,openalex,True
37348512,2023,Germany,openalex_ror,Germany,7,openalex,True
37344124,2024,United Kingdom,openalex_ror,United Kingdom,8,openalex,True
37343287,2023,Switzerland,openalex_ror,Iran|Switzerland,10,openalex,True
37335854,2023,Germany,openalex_ror,Germany,5,openalex,True
37312088,2023,Egypt,openalex_ror,Egypt,2,openalex,True
37306832,2023,Cambodia,openalex_ror,Cambodia|Turkey,9,openalex,True
37298028,2023,Germany,openalex_ror,Germany,6,openalex,True
37293308,2023,Japan,openalex_ror,Japan,7,openalex,True
37280353,2023,United Kingdom,openalex_ror,United Kingdom,8,openalex,True
37271309,2023,United States,openalex_ror,United States,6,openalex,True
37264578,2023,China,openalex_ror,China,0,openalex,True
37261071,2023,Portugal,openalex_ror,Portugal,1,openalex,True
37259477,2023,Germany,openalex_ror,Germany,4,openalex,True
37250642,2023,Israel,openalex_ror,Israel,6,openalex,True
37227009,2023,Unknown,no_affiliation,Italy,6,openalex,True
37214154,2023,Egypt,openalex_ror,Egypt,11,openalex,True
37208674,2023,Netherlands,openalex_ror,India|Netherlands,16,openalex,True
37203051,2023,China,openalex_ror,China|Hong Kong|Singapore,2,openalex,True
37203050,2023,India,openalex_ror,India,4,openalex,True
37203044,2023,India,openalex_ror,India,9,openalex,True
37203022,2023,India,openalex_ror,India,7,openalex,True
37195564,2023,Iran,openalex_ror,Iran,5,openalex,True
37192673,2023,Turkey,openalex_ror,Turkey,1,openalex,True
37191620,2023,Switzerland,openalex_ror,Switzerland,14,openalex,True
37189443,2023,United States,openalex_ror,United States,6,openalex,True
37180532,2022,Iran,openalex_ror,Iran,7,openalex,True
37170404,2023,United Kingdom,openalex_ror,United Kingdom,1,openalex,True
37164397,2023,Switzerland,openalex_ror,Switzerland,0,openalex,True
37164391,2023,Switzerland,openalex_ror,Switzerland,8,openalex,True
37163284,2023,China,openalex_ror,China,7,openalex,True
37144469,2023,Austria,openalex_ror,Austria|Germany|Switzerland,13,openalex,True
37144364,2023,Russia,openalex_ror,Russia,12,openalex,True
37142238,2023,Switzerland,openalex_ror,Germany|Switzerland,4,openalex,True
37140143,2023,Egypt,openalex_ror,Egypt,21,openalex,True
37139606,2023,Iran,openalex_ror,Iran,2,openalex,True
37131527,2023,United States,openalex_ror,United States,5,openalex,True
37126648,2023,United States,openalex_ror,United States,17,openalex,True
37113031,2023,Iran,openalex_ror,Iran|United Kingdom,5,openalex,True
37109267,2023,France,openalex_ror,France,11,openalex,True
37108070,2023,Colombia,openalex_ror,Colombia,11,openalex,True
37101410,2023,China,openalex_ror,China|Sri Lanka,9,openalex,True
37101407,2023,Portugal,openalex_ror,Portugal,2,openalex,True
37098115,2023,New Zealand,openalex_ror,New Zealand,6,openalex,True
37097193,2023,Switzerland,openalex_ror,Switzerland,11,openalex,True
37095881,2023,Croatia,openalex_ror,Bosnia and Herzegovina|Croatia,6,openalex,True
37085363,2023,Iran,openalex_ror,Iran,6,openalex,True
37077155,2023,China,openalex_ror,China,1,openalex,True
37074409,2023,India,openalex_ror,India,8,openalex,True
37072730,2023,Egypt,openalex_ror,Egypt,9,openalex,True
37069944,2023,Egypt,openalex_ror,Egypt,4,openalex,True
37068601,2023,United States,openalex_ror,United States,15,openalex,True
37067693,2023,Saudi Arabia,openalex_ror,Saudi Arabia,4,openalex,True
37059888,2023,China,openalex_ror,China,0,openalex,True
37043004,2023,Germany,openalex_ror,Germany,3,openalex,True
36977127,2023,Israel,openalex_ror,Israel,3,openalex,True
36944752,2023,China,openalex_ror,China,6,openalex,True
36931367,2023,United States,openalex_ror,United States,4,openalex,True
36925678,2022,Hong Kong,openalex_ror,Hong Kong|United States,9,openalex,True
36911223,2023,Turkey,openalex_ror,Turkey,3,openalex,True
36911220,2023,AG,openalex_ror,AG|Turkey,0,openalex,True
36882909,2023,Australia,openalex_ror,Australia|Japan,7,openalex,True
36881260,2023,United Kingdom,openalex_ror,Israel|United Kingdom,12,openalex,True
36881003,2023,Turkey,openalex_ror,Turkey,6,openalex,True
36872686,2023,United Kingdom,openalex_ror,United Kingdom,5,openalex,True
36853600,2023,Switzerland,openalex_ror,Austria|Switzerland,9,openalex,True
36844364,2023,China,openalex_ror,China,59,openalex,True
36812937,2023,Germany,openalex_ror,Germany,0,openalex,True
36811882,2023,Poland,openalex_ror,Poland,18,openalex,True
36803118,2023,Saudi Arabia,openalex_ror,Saudi Arabia,2,openalex,True
36794626,2022,China,openalex_ror,Belgium|China|Lebanon|Switzerland,7,openalex,True
36786745,2023,China,openalex_ror,China|United States,5,openalex,True
36779807,2023,Portugal,openalex_ror,Portugal,6,openalex,True
36774646,2023,China,openalex_ror,China,18,openalex,True
36757342,2023,China,openalex_ror,Belgium|China|Israel|Switzerland,14,openalex,True
36747519,2023,Germany,openalex_ror,Germany,15,openalex,True
36745847,2023,Italy,openalex_ror,Italy,10,openalex,True
36745704,2023,Turkey,openalex_ror,Turkey,13,openalex,True
36736649,2023,Turkey,openalex_ror,Turkey,13,openalex,True
36736417,2023,Germany,openalex_ror,Germany,47,openalex,True
36730364,2022,Greece,openalex_ror,Greece|India,11,openalex,True
36729643,2022,Australia,openalex_ror,Australia,22,openalex,True
36729083,2022,AG,openalex_ror,AG|Cambodia,1,openalex,True
36728310,2023,Egypt,openalex_ror,Egypt,5,openalex,True
36728218,2023,Saudi Arabia,openalex_ror,Saudi Arabia,0,openalex,True
36727878,2023,Germany,openalex_ror,Germany|India,15,openalex,True
36714019,2023,United States,openalex_ror,United States,5,openalex,True
36707973,2023,Canada,openalex_ror,Canada,7,openalex,True
36707782,2023,South Africa,openalex_ror,South Africa,15,openalex,True
36700933,2023,Italy,openalex_ror,Germany|Italy,9,openalex,True
36690333,2023,New Zealand,openalex_ror,New Zealand,0,openalex,True
36685713,2022,United States,openalex_ror,United States,18,openalex,True
36682518,2023,Brazil,openalex_ror,Brazil,14,openalex,True
36627585,2023,China,openalex_ror,China,6,openalex,True
36588212,2023,Iran,openalex_ror,Iran,3,openalex,True
36587174,2022,Poland,openalex_ror,Italy|Poland,10,openalex,True
36584907,2022,China,openalex_ror,China,6,openalex,True
36581190,2022,United States,openalex_ror,United States,6,openalex,True
36574086,2023,Spain,openalex_ror,Spain,3,openalex,True
36553038,2022,Brazil,openalex_ror,Brazil|United Kingdom,13,openalex,True
36549953,2022,China,openalex_ror,China,16,openalex,True
36542255,2022,China,openalex_ror,China,14,openalex,True
36539601,2022,United Kingdom,openalex_ror,United Kingdom,10,openalex,True
36506602,2022,Romania,openalex_ror,Romania,6,openalex,True
36498668,2022,Italy,affil_country_name,Italy,4,openalex,True
36481131,2022,Switzerland,openalex_ror,Switzerland,10,openalex,True
36476303,2022,Canada,openalex_ror,Canada,3,openalex,True
36475196,2022,Saudi Arabia,openalex_ror,Saudi Arabia,2,openalex,True
36471496,2022,Brazil,openalex_ror,Brazil,6,openalex,True
36458595,2022,Germany,openalex_ror,Austria|Germany,6,openalex,True
36455071,2022,Israel,openalex_ror,Israel,5,openalex,True
36452031,2022,United States,openalex_ror,United States,2,openalex,True
36439563,2022,Pakistan,openalex_ror,Pakistan,7,openalex,True
36436508,2022,Germany,openalex_ror,Germany,14,openalex,True
36422083,2022,Romania,openalex_ror,Romania,7,openalex,True
36418804,2022,Iran,openalex_ror,Iran,3,openalex,True
36417675,2022,Germany,openalex_ror,Germany,16,openalex,True
36399464,2022,Poland,openalex_ror,Poland,9,openalex,True
36386417,2022,China,openalex_ror,China,9,openalex,True
36350908,2022,Turkey,openalex_ror,Turkey,4,openalex,True
36346320,2022,India,openalex_ror,India|United States,9,openalex,True
36343165,2022,Colombia,openalex_ror,Colombia,1,openalex,True
36343164,2022,United Kingdom,openalex_ror,United Kingdom,7,openalex,True
36334941,2022,France,openalex_ror,France|Israel|Morocco,0,openalex,True
36305911,2022,Germany,openalex_ror,Germany|United States,14,openalex,True
36290247,2022,Switzerland,openalex_ror,Switzerland,3,openalex,True
36288422,2022,Russia,openalex_ror,Russia,2,openalex,True
36267955,2022,Italy,openalex_ror,Italy|United States,6,openalex,True
36262504,2022,Pakistan,openalex_ror,Pakistan,2,openalex,True
36261493,2022,United Kingdom,openalex_ror,United Kingdom,4,openalex,True
36255611,2022,Egypt,openalex_ror,Egypt,8,openalex,True
36240204,2022,France,openalex_ror,France,24,openalex,True
36240047,2022,Australia,openalex_ror,Australia|Italy|Spain,23,openalex,True
36239188,2022,United States,openalex_ror,United States,20,openalex,True
36237558,2022,Ukraine,openalex_ror,Croatia|Ukraine,0,openalex,True
36233740,2022,Switzerland,openalex_ror,Belgium|Italy|Lebanon|Switzerland|United Kingdom,13,openalex,True
36220656,2022,China,openalex_ror,China,0,openalex,True
36214347,2022,Turkey,openalex_ror,Turkey,1,openalex,True
36203781,2022,Spain,openalex_ror,Spain,5,openalex,True
36197498,2022,Germany,openalex_ror,Germany,11,openalex,True
36190036,2022,India,openalex_ror,Australia|India,18,openalex,True
36190035,2022,India,affil_country_name,India,13,openalex,True
36187442,2022,Germany,openalex_ror,Germany|Switzerland,11,openalex,True
36187250,2022,China,openalex_ror,China,11,openalex,True
36181279,2022,India,openalex_ror,India,1,openalex,True
36173395,2022,Germany,openalex_ror,Germany,22,openalex,True
36173242,2022,United States,openalex_ror,United States,16,openalex,True
36170222,2022,Unknown,no_affiliation,,1,openalex,True
36167218,2022,Switzerland,openalex_ror,Switzerland,7,openalex,True
36156043,2022,Kuwait,openalex_ror,Kuwait|Saudi Arabia|United Kingdom,7,openalex,True
36153307,2022,China,openalex_ror,China,8,openalex,True
36147277,2022,Iran,openalex_ror,Iran,8,openalex,True
36144973,2022,Austria,openalex_ror,Austria,3,openalex,True
36138270,2022,Spain,openalex_ror,Spain,8,openalex,True
36127423,2022,Israel,openalex_ror,Israel,3,openalex,True
36107842,2022,Switzerland,openalex_ror,Switzerland,17,openalex,True
36094381,2022,New Zealand,openalex_ror,New Zealand,48,openalex,True
36094374,2022,Australia,openalex_ror,Australia,19,openalex,True
36078972,2022,Italy,openalex_ror,Egypt|Italy|Switzerland,19,openalex,True
36066843,2022,Austria,openalex_ror,Austria,7,openalex,True
38633569,2022,Egypt,openalex_ror,Egypt|Saudi Arabia,2,openalex,True
36062606,2022,Turkey,openalex_ror,Turkey,11,openalex,True
36059083,2022,Italy,openalex_ror,Italy,14,openalex,True
36048013,2022,Spain,openalex_ror,China|Spain,7,openalex,True
36029513,2022,China,openalex_ror,China|United States,7,openalex,True
35989142,2022,Italy,openalex_ror,Italy,13,openalex,True
35987632,2022,China,openalex_ror,China,4,openalex,True
35985744,2022,India,openalex_ror,India,0,openalex,True
35978428,2022,Switzerland,openalex_ror,Switzerland,8,openalex,True
35971499,2022,Saudi Arabia,openalex_ror,Saudi Arabia,1,openalex,True
35971481,2022,Saudi Arabia,openalex_ror,Saudi Arabia,8,openalex,True
35959602,2022,China,openalex_ror,China,3,openalex,True
35950026,2022,Mexico,affil_country_name,Mexico,2,openalex,True
35946998,2022,Canada,openalex_ror,Canada,4,openalex,True
35929885,2022,Turkey,openalex_ror,Turkey,4,openalex,True
35918948,2022,Canada,openalex_ror,Canada|India,0,openalex,True
35918946,2022,Hong Kong,openalex_ror,Hong Kong,15,openalex,True
35912299,2022,Croatia,affil_country_name,Croatia,0,openalex,True
35909462,2022,China,openalex_ror,China,4,openalex,True
35908994,2022,France,openalex_ror,France,2,openalex,True
35887874,2022,Switzerland,openalex_ror,Lebanon|Singapore|Switzerland,15,openalex,True
35859778,2022,China,openalex_ror,China,5,openalex,True
35858194,2022,China,openalex_ror,China|United Kingdom,7,openalex,True
35849757,2022,United States,openalex_ror,United States,0,openalex,True
35836944,2022,China,openalex_ror,China,7,openalex,True
35830582,2022,Switzerland,openalex_ror,Switzerland,16,openalex,True
35811357,2022,Sweden,openalex_ror,Denmark|Sweden,22,openalex,True
35802557,2022,Japan,openalex_ror,Japan,8,openalex,True
35801890,2022,Russia,openalex_ror,Russia,4,openalex,True
35801878,2022,Russia,openalex_ror,Russia,2,openalex,True
35801804,2022,China,openalex_ror,China,2,openalex,True
35790570,2022,Turkey,openalex_ror,Turkey,6,openalex,True
35790199,2022,Germany,affil_country_name,Germany,1,openalex,True
35786809,2022,Canada,openalex_ror,Canada,3,openalex,True
35786024,2022,Austria,openalex_ror,Austria|Germany,0,openalex,True
35779056,2022,United States,openalex_ror,United States,5,openalex,True
35774330,2022,United States,openalex_ror,United States,29,openalex,True
35773078,2022,India,openalex_ror,India,0,openalex,True
35760583,2022,Unknown,no_affiliation,,0,openalex,True
35757796,2022,United Kingdom,openalex_ror,India|United Kingdom,8,openalex,True
35757019,2022,Egypt,openalex_ror,Egypt,8,openalex,True
35753851,2022,Turkey,openalex_ror,Turkey,1,openalex,True
35752596,2022,Spain,openalex_ror,Spain,1,openalex,True
35749931,2022,United States,openalex_ror,United States,9,openalex,True
35746888,2022,India,openalex_ror,India|United Kingdom,33,openalex,True
35721228,2022,China,openalex_ror,China,4,openalex,True
35721090,2022,China,openalex_ror,China,5,openalex,True
35713165,2022,United Kingdom,openalex_ror,United Kingdom,9,openalex,True
35711971,2022,Japan,openalex_ror,Japan,6,openalex,True
35702687,2022,United States,openalex_ror,United States,5,openalex,True
35692966,2022,United States,openalex_ror,United States,3,openalex,True
35692541,2022,China,openalex_ror,China,8,openalex,True
35686711,2022,Unknown,no_affiliation,United States,9,openalex,True
35686709,2022,Iran,openalex_ror,Iran,8,openalex,True
35634710,2022,China,openalex_ror,China,2,openalex,True
35622219,2022,Turkey,openalex_ror,Turkey,2,openalex,True
35612343,2022,Italy,openalex_ror,Italy|Spain,1,openalex,True
35606297,2022,United States,openalex_ror,United States,2,openalex,True
35601182,2022,China,openalex_ror,China,0,openalex,True
35601161,2022,Iran,openalex_ror,Iran|Spain,6,openalex,True
35590103,2022,Israel,openalex_ror,Israel,12,openalex,True
35588393,2022,Italy,openalex_ror,Italy,2,openalex,True
35588392,2022,Australia,openalex_ror,Australia|Italy,6,openalex,True
35585526,2022,Syria,openalex_ror,Syria|United Kingdom,13,openalex,True
35572401,2021,Singapore,openalex_ror,Brazil|Singapore,11,openalex,True
35544929,2023,Serbia,openalex_ror,Serbia|Switzerland,5,openalex,True
35536708,2022,Unknown,no_affiliation,,13,openalex,True
35535408,2022,Germany,openalex_ror,Germany,18,openalex,True
35532880,2022,China,openalex_ror,China|Norway,12,openalex,True
35525070,2022,Turkey,openalex_ror,Turkey,14,openalex,True
35524196,2022,Germany,openalex_ror,Germany,17,openalex,True
35513208,2022,United States,openalex_ror,United States,4,openalex,True
35510272,2022,United States,openalex_ror,United States,3,openalex,True
35502028,2022,India,openalex_ror,India,4,openalex,True
35502012,2022,India,openalex_ror,India,51,openalex,True
35497356,2022,United Kingdom,openalex_ror,United Kingdom,15,openalex,True
35482230,2022,Brazil,openalex_ror,Brazil,13,openalex,True
35479957,2022,United States,openalex_ror,United States,13,openalex,True
35476818,2022,Hong Kong,openalex_ror,China|Hong Kong|United States,1,openalex,True
35469790,2022,Mexico,openalex_ror,Mexico|United Kingdom,19,openalex,True
35450449,2022,Greece,openalex_ror,Germany|Greece,3,openalex,True
35450192,2022,China,openalex_ror,China,5,openalex,True
35446358,2022,Australia,openalex_ror,Australia,29,openalex,True
35439770,2022,United States,openalex_ror,United States,3,openalex,True
35439768,2022,India,openalex_ror,India,1,openalex,True
35431539,2022,United States,openalex_ror,United States,9,openalex,True
35412047,2022,Germany,openalex_ror,Germany,0,openalex,True
35407560,2022,Canada,openalex_ror,Canada,8,openalex,True
35407393,2022,Italy,openalex_ror,Italy,15,openalex,True
35391514,2022,China,openalex_ror,China,0,openalex,True
35385757,2022,Saudi Arabia,openalex_ror,Poland|Saudi Arabia,6,openalex,True
35385756,2022,United States,openalex_ror,United States,39,openalex,True
35385372,2022,India,openalex_ror,India|United Kingdom,22,openalex,True
35384782,2022,Egypt,affil_country_name,Egypt|Switzerland,10,openalex,True
35383648,2022,Australia,openalex_ror,Australia,15,openalex,True
35381894,2022,Israel,openalex_ror,Finland|Israel,4,openalex,True
35372437,2022,China,openalex_ror,China,15,openalex,True
35367416,2022,Poland,openalex_ror,Poland,8,openalex,True
35360745,2022,Italy,openalex_ror,Italy,2,openalex,True
35354347,2022,Germany,openalex_ror,Czechia|Germany,6,openalex,True
35343267,2022,India,openalex_ror,Canada|India,16,openalex,True
35340750,2022,Italy,openalex_ror,Italy,14,openalex,True
35333826,2022,United Kingdom,openalex_ror,United Kingdom,3,openalex,True
35333808,2022,United States,openalex_ror,United States,1,openalex,True
35321348,2022,China,openalex_ror,China,4,openalex,True
35320858,2022,Switzerland,openalex_ror,Switzerland,0,openalex,True
35316534,2022,China,openalex_ror,China|United Kingdom,55,openalex,True
35313746,2022,India,openalex_ror,India,2,openalex,True
38983516,2022,United States,openalex_ror,United States,0,openalex,True
35284412,2022,China,openalex_ror,China,2,openalex,True
35275008,2022,Unknown,no_affiliation,Turkey,4,openalex,True
35275005,2022,India,openalex_ror,India,13,openalex,True
35265368,2022,India,openalex_ror,India,12,openalex,True
35255102,2022,Azerbaijan,openalex_ror,Azerbaijan,3,openalex,True
35248396,2022,Spain,openalex_ror,Poland|Spain,0,openalex,True
35248392,2022,Spain,openalex_ror,Spain,0,openalex,True
35244626,2022,Ireland,openalex_ror,Ireland,11,openalex,True
35234069,2022,France,openalex_ror,France,4,openalex,True
35224204,2022,Japan,openalex_ror,Japan,6,openalex,True
35207362,2022,China,openalex_ror,China,6,openalex,True
35198797,2022,United States,openalex_ror,United States,0,openalex,True
35188092,2022,China,openalex_ror,China,5,openalex,True
35179757,2022,Romania,openalex_ror,Romania,4,openalex,True
35178249,2022,India,openalex_ror,India|United States,9,openalex,True
35166086,2022,United States,openalex_ror,United States,11,openalex,True
35160126,2022,United Kingdom,openalex_ror,Italy|United Kingdom,28,openalex,True
35160037,2022,Poland,openalex_ror,Poland,9,openalex,True
35149635,2022,China,openalex_ror,China,5,openalex,True
35149632,2022,New Zealand,openalex_ror,New Zealand,2,openalex,True
35147774,2022,Germany,openalex_ror,Germany|Switzerland,3,openalex,True
35144351,2022,China,openalex_ror,China,0,openalex,True
35140987,2022,China,openalex_ror,China,3,openalex,True
35140457,2022,Egypt,openalex_ror,Egypt,0,openalex,True
39170804,2022,Italy,openalex_ror,Italy,2,openalex,True
35130082,2022,India,affil_country_name,India,1,openalex,True
35128189,2021,Egypt,openalex_ror,Egypt,22,openalex,True
35113959,2022,Israel,openalex_ror,Israel,16,openalex,True
35112032,2022,United States,openalex_ror,United States,16,openalex,True
35075374,2022,France,openalex_ror,France,7,openalex,True
35069933,2022,China,openalex_ror,China,7,openalex,True
35059572,2021,United Kingdom,openalex_ror,Turkey|United Kingdom,1,openalex,True
35054085,2022,Singapore,openalex_ror,Pakistan|Singapore,33,openalex,True
35044972,2022,India,openalex_ror,India|United States,11,openalex,True
35044339,2022,India,openalex_ror,India,0,openalex,True
35011421,2021,Romania,openalex_ror,Romania,6,openalex,True
35005517,2021,Turkey,openalex_ror,Turkey,4,openalex,True
35005508,2021,Turkey,openalex_ror,Turkey,2,openalex,True
35004659,2021,China,openalex_ror,China,5,openalex,True
35001701,2022,Turkey,openalex_ror,Turkey,7,openalex,True
34996516,2022,Switzerland,openalex_ror,China|Egypt|India|Iran|Israel|Switzerland,82,openalex,True
34991971,2022,Japan,openalex_ror,Australia|Japan|Spain|United Kingdom,716,openalex,True
34989955,2022,China,openalex_ror,China,2,openalex,True
34980018,2022,China,openalex_ror,China,7,openalex,True
34969574,2021,China,openalex_ror,China,0,openalex,True
34967830,2021,United States,openalex_ror,United States,55,openalex,True
34965224,2022,Unknown,no_affiliation,,4,openalex,True
34964368,2021,New Zealand,openalex_ror,New Zealand,3,openalex,True
34959293,2021,Taiwan,openalex_ror,Taiwan,45,openalex,True
34954922,2021,Israel,openalex_ror,Israel,0,openalex,True
34952566,2021,Iran,openalex_ror,Iran,6,openalex,True
34937221,2022,India,openalex_ror,India,1,openalex,True
34937213,2022,Bosnia and Herzegovina,openalex_ror,Bosnia and Herzegovina|Croatia,4,openalex,True
34937212,2022,Spain,openalex_ror,Italy|Spain,7,openalex,True
34934686,2021,Iran,affil_country_name,Iran,1,openalex,True
34926215,2021,United Kingdom,openalex_ror,AG|Turkey|United Kingdom,3,openalex,True
34917434,2021,United States,openalex_ror,France|Lebanon|United Arab Emirates|United States,8,openalex,True
34917415,2021,Spain,openalex_ror,Spain,7,openalex,True
34914559,2021,Unknown,no_affiliation,,6,openalex,True
34914558,2021,Germany,openalex_ror,Germany,46,openalex,True
34914554,2021,Unknown,no_affiliation,,28,openalex,True
34914551,2021,Unknown,no_affiliation,,5,openalex,True
34901466,2021,Netherlands,openalex_ror,Netherlands|United States,20,openalex,True
34901464,2021,India,openalex_ror,India|United States,11,openalex,True
34898463,2021,United Kingdom,openalex_ror,Czechia|United Kingdom,46,openalex,True
34898348,2021,Japan,openalex_ror,Japan,3,openalex,True
34889859,2022,United States,openalex_ror,United States,1,openalex,True
34882268,2021,Germany,openalex_ror,Germany,4,openalex,True
34874483,2021,Germany,openalex_ror,Germany,5,openalex,True
34867019,2021,Saudi Arabia,openalex_ror,Italy|Poland|Saudi Arabia,5,openalex,True
34864798,2022,Turkey,openalex_ror,Turkey,2,openalex,True
34861212,2021,China,openalex_ror,China,13,openalex,True
34860722,2022,Turkey,openalex_ror,Turkey,0,openalex,True
34854915,2021,Japan,openalex_ror,Japan,8,openalex,True
34848420,2021,India,openalex_ror,India,3,openalex,True
34845598,2021,Turkey,openalex_ror,Turkey,20,openalex,True
34843024,2021,China,openalex_ror,China|New Zealand|United States,4,openalex,True
34840821,2021,Syria,openalex_ror,Syria|United Kingdom,14,openalex,True
34840692,2021,Iran,openalex_ror,Iran,14,openalex,True
34837507,2021,Turkey,openalex_ror,Turkey,17,openalex,True
34826981,2021,India,openalex_ror,India,16,openalex,True
34826978,2021,India,openalex_ror,India,13,openalex,True
34821524,2021,China,openalex_ror,China,3,openalex,True
34818079,2021,India,openalex_ror,India|United States,28,openalex,True
34815661,2021,Egypt,openalex_ror,Egypt,6,openalex,True
34813978,2021,United States,openalex_ror,India|United States,60,openalex,True
34793829,2021,Germany,openalex_ror,Germany|Switzerland,14,openalex,True
34788576,2021,Israel,openalex_ror,Israel,4,openalex,True
34785203,2021,United Kingdom,openalex_ror,United Kingdom,16,openalex,True
34777857,2021,Israel,openalex_ror,Israel,4,openalex,True
34765816,2021,Iran,openalex_ror,Iran|Switzerland,9,openalex,True
34756139,2021,Unknown,no_affiliation,,23,openalex,True
34746916,2021,United States,openalex_ror,United States,15,openalex,True
34743099,2021,Israel,openalex_ror,Israel|Switzerland|United Kingdom,18,openalex,True
34743098,2022,Turkey,openalex_ror,Turkey,8,openalex,True
34740824,2021,United States,openalex_ror,United States,45,openalex,True
34730026,2021,Iran,openalex_ror,Iran,0,openalex,True
34727264,2021,Turkey,openalex_ror,Turkey,3,openalex,True
34722556,2021,Italy,openalex_ror,Italy,11,openalex,True
34719971,2021,Syria,openalex_ror,Syria,27,openalex,True
34711207,2021,Italy,openalex_ror,Italy,6,openalex,True
34698306,2021,United Kingdom,openalex_ror,Australia|United Kingdom,6,openalex,True
34675148,2021,Australia,openalex_ror,Australia,9,openalex,True
34670218,2021,China,openalex_ror,China,9,openalex,True
34669331,2021,Russia,openalex_ror,Russia,6,openalex,True
34661479,2021,Unknown,no_affiliation,,6,openalex,True
34657832,2021,Croatia,openalex_ror,Croatia,2,openalex,True
34640185,2021,South Korea,openalex_ror,South Korea,22,openalex,True
34609048,2021,Sweden,openalex_ror,Sweden,5,openalex,True
34592870,2021,United States,openalex_ror,United States,7,openalex,True
34592475,2021,Egypt,openalex_ror,Egypt|United Kingdom,38,openalex,True
34565473,2021,Spain,openalex_ror,Spain,49,openalex,True
34550310,2021,China,openalex_ror,China|Singapore,9,openalex,True
34542574,2021,Switzerland,openalex_ror,China|Switzerland|United States,22,openalex,True
34533388,2021,Italy,openalex_ror,Italy,2,openalex,True
34533277,2021,Netherlands,openalex_ror,Germany|Israel|Netherlands,5,openalex,True
34532424,2021,Japan,openalex_ror,Japan,36,openalex,True
34529024,2021,China,openalex_ror,China,5,openalex,True
34524144,2021,Italy,openalex_ror,Bulgaria|Italy|Spain,12,openalex,True
34522101,2021,Romania,openalex_ror,Romania,8,openalex,True
34513086,2021,Egypt,openalex_ror,Egypt,5,openalex,True
34507494,2021,Slovakia,openalex_ror,Slovakia,1,openalex,True
34506244,2021,Unknown,no_affiliation,,14,openalex,True
34506235,2021,Unknown,no_affiliation,,12,openalex,True
34501248,2021,Italy,openalex_ror,Italy|United States,11,openalex,True
34501218,2021,United States,openalex_ror,United States,16,openalex,True
34488256,2021,AG,openalex_ror,AG|Turkey,5,openalex,True
34486581,2022,United States,openalex_ror,United States,14,openalex,True
34481408,2021,Israel,openalex_ror,Israel,17,openalex,True
34468458,2021,China,openalex_ror,China,7,openalex,True
34465309,2021,Japan,openalex_ror,Japan,6,openalex,True
34461290,2021,United States,openalex_ror,United States,26,openalex,True
34448966,2021,Italy,openalex_ror,Italy,30,openalex,True
34440845,2021,United States,openalex_ror,United States,29,openalex,True
34435926,2021,Turkey,openalex_ror,Turkey,3,openalex,True
34433777,2022,Turkey,openalex_ror,Turkey,8,openalex,True
34431899,2021,United Kingdom,openalex_ror,Turkey|United Kingdom,4,openalex,True
34425775,2021,Hungary,openalex_ror,Hungary,11,openalex,True
34424226,2021,Turkey,openalex_ror,Turkey,15,openalex,True
34424223,2021,Belgium,openalex_ror,Belgium,2,openalex,True
34413627,2021,United States,openalex_ror,United States,0,openalex,True
34410068,2021,Russia,openalex_ror,Russia,11,openalex,True
34408387,2021,United States,openalex_ror,United States,0,openalex,True
34408317,2021,United Kingdom,openalex_ror,Iran|United Kingdom,3,openalex,True
37252159,2021,India,openalex_ror,India|United States,9,openalex,True
34394862,2021,Syria,openalex_ror,Syria,15,openalex,True
34394861,2021,India,openalex_ror,India|United States,6,openalex,True
34394858,2021,Switzerland,openalex_ror,Switzerland,3,openalex,True
34388077,2021,Iran,affil_country_name_propagated,Iran,2,openalex,True
34388074,2021,Switzerland,affil_country_name_propagated,Switzerland,1,openalex,True
34388071,2021,Unknown,no_affiliation,,12,openalex,True
34384340,2021,New Zealand,openalex_ror,New Zealand,11,openalex,True
34363049,2021,Turkey,openalex_ror,Turkey,17,openalex,True
34362662,2021,Turkey,openalex_ror,Turkey,4,openalex,True
34362077,2021,Italy,openalex_ror,Italy,3,openalex,True
34362023,2021,Belgium,openalex_ror,Belgium|Israel,22,openalex,True
34359831,2021,Germany,openalex_ror,Germany,27,openalex,True
34349648,2021,Singapore,openalex_ror,Australia|Singapore|Switzerland,68,openalex,True
34345164,2021,Egypt,openalex_ror,Egypt,21,openalex,True
34328498,2021,United States,openalex_ror,United States,25,openalex,True
34326631,2021,United States,openalex_ror,United States,0,openalex,True
34321817,2021,Egypt,openalex_ror,Egypt,6,openalex,True
34313710,2021,United States,openalex_ror,United States,16,openalex,True
34307400,2021,China,openalex_ror,China,10,openalex,True
34301233,2021,China,openalex_ror,China,12,openalex,True
34294638,2021,United Kingdom,openalex_ror,Israel|United Kingdom,33,openalex,True
34288636,2022,China,openalex_ror,China,7,openalex,True
34282383,2021,China,openalex_ror,China,9,openalex,True
34267061,2021,New Zealand,openalex_ror,New Zealand,28,openalex,True
34263132,2021,Turkey,openalex_ror,Turkey,40,openalex,True
34262252,2021,United States,openalex_ror,United States,11,openalex,True
34250443,2021,Jordan,openalex_ror,Jordan|Turkey,3,openalex,True
34247284,2021,Turkey,openalex_ror,Turkey,6,openalex,True
34247218,2021,Italy,openalex_ror,Italy|United Kingdom,4,openalex,True
34237318,2021,Switzerland,affil_country_name,Brazil|Italy|Switzerland|United States,0,openalex,True
34237317,2021,Mexico,openalex_ror,Mexico|United States,0,openalex,True
34207081,2021,Poland,openalex_ror,Poland,9,openalex,True
34203646,2021,Japan,openalex_ror,Japan,23,openalex,True
34195474,2021,United States,openalex_ror,United States,6,openalex,True
40547853,2021,Italy,openalex_ror,Italy,9,openalex,True
34190718,2021,United States,affil_city_hint,United States,37,openalex,True
34188439,2021,India,openalex_ror,India,3,openalex,True
34181061,2021,Germany,openalex_ror,Germany,49,openalex,True
34176917,2021,India,openalex_ror,India,0,openalex,True
34174743,2021,China,openalex_ror,China,5,openalex,True
34174043,2022,India,openalex_ror,India,13,openalex,True
34163129,2021,United States,openalex_ror,United States,5,openalex,True
34143790,2021,New Zealand,openalex_ror,New Zealand,21,openalex,True
34137523,2021,Pakistan,openalex_ror,Pakistan,0,openalex,True
34135568,2021,Switzerland,openalex_ror,Switzerland,8,openalex,True
34117699,2021,New Zealand,openalex_ror,New Zealand,21,openalex,True
34116541,2021,Germany,openalex_ror,Germany,6,openalex,True
34116536,2022,United States,openalex_ror,United States,74,openalex,True
34100403,2021,India,openalex_ror,India,0,openalex,True
34095607,2021,Colombia,openalex_ror,Brazil|Colombia|Switzerland,1,openalex,True
34091554,2022,Greece,openalex_ror,Greece,5,openalex,True
34086008,2021,United States,openalex_ror,United States,10,openalex,True
34081754,2021,Germany,openalex_ror,Germany,5,openalex,True
34074991,2021,AG,openalex_ror,AG|Turkey,13,openalex,True
34059330,2021,United States,openalex_ror,France|United States,10,openalex,True
34058903,2021,Israel,openalex_ror,Israel,10,openalex,True
34055251,2021,Iran,affil_country_name,Iran,,,False
34055085,2021,China,openalex_ror,China,6,openalex,True
34053332,2021,Iran,openalex_ror,Iran,11,openalex,True
34050067,2021,Greece,openalex_ror,Greece,18,openalex,True
34050066,2022,Turkey,openalex_ror,Turkey,2,openalex,True
34048801,2021,United States,openalex_ror,United States,43,openalex,True
34044698,2021,Unknown,unresolved,,0,openalex,True
34044691,2021,Unknown,no_affiliation,,11,openalex,True
34039182,2021,United States,openalex_ror,United States,5,openalex,True
34038664,2021,Unknown,no_affiliation,,6,openalex,True
34038661,2021,Unknown,no_affiliation,,39,openalex,True
34038299,2021,Unknown,no_affiliation,,4,openalex,True
34032979,2021,Turkey,openalex_ror,Turkey,16,openalex,True
34015954,2021,Turkey,openalex_ror,Turkey|United States,11,openalex,True
34011736,2021,Ukraine,openalex_ror,Ukraine|United Kingdom,1,openalex,True
34009489,2021,United States,openalex_ror,United States,11,openalex,True
34007152,2021,United States,affil_country_name,United States,6,openalex,True
34003977,2021,Poland,openalex_ror,Netherlands|Poland,11,openalex,True
34003975,2021,United States,openalex_ror,United States,5,openalex,True
34003974,2021,United States,openalex_ror,Dominican Republic|United States,6,openalex,True
34003973,2021,United Kingdom,openalex_ror,India|Taiwan|United Kingdom,5,openalex,True
34001713,2021,Egypt,openalex_ror,Egypt,14,openalex,True
33986586,2021,United Kingdom,openalex_ror,United Kingdom,13,openalex,True
33966013,2021,United States,openalex_ror,United States,9,openalex,True
33961088,2021,Switzerland,openalex_ror,Switzerland,3,openalex,True
33935236,2021,Australia,openalex_ror,Australia|Italy,9,openalex,True
33931101,2021,Italy,openalex_ror,Egypt|Germany|Italy|Switzerland,84,openalex,True
38261806,2021,United States,openalex_ror,United States,0,openalex,True
33929804,2021,Belgium,openalex_ror,Belgium,14,openalex,True
33901064,2021,Switzerland,affil_country_name,Switzerland,8,openalex,True
33895368,2021,United Kingdom,openalex_ror,Italy|United Kingdom,18,openalex,True
33895029,2021,France,openalex_ror,France,4,openalex,True
33892046,2021,United Kingdom,openalex_ror,United Kingdom,90,openalex,True
33885984,2021,Brazil,openalex_ror,Brazil|Croatia,8,openalex,True
33876334,2021,Turkey,openalex_ror,Turkey,20,openalex,True
33873209,2021,Unknown,no_affiliation,,1,openalex,True
33873207,2021,Unknown,no_affiliation,,1,openalex,True
33872673,2021,Russia,openalex_ror,Russia,14,openalex,True
33859087,2021,Netherlands,openalex_ror,Netherlands|United States,1,openalex,True
33859086,2022,United States,openalex_ror,United States,17,openalex,True
33858272,2021,United States,openalex_ror,United States,1,openalex,True
33857213,2021,Italy,openalex_ror,Italy,18,openalex,True
33852555,2021,Spain,openalex_ror,Spain,1,openalex,True
33846032,2021,France,openalex_ror,France,5,openalex,True
33843117,2021,Australia,openalex_ror,Australia,1,openalex,True
33832048,2021,China,openalex_ror,China,1,openalex,True
33824576,2021,United Arab Emirates,affil_country_name,Ireland|United Arab Emirates|United States,3,openalex,True
33814816,2020,Iran,openalex_ror,Iran,20,openalex,True
33812086,2021,New Zealand,openalex_ror,Australia|New Zealand,28,openalex,True
33806928,2021,Italy,openalex_ror,Italy,17,openalex,True
37727230,2021,United States,openalex_ror,United States,37,openalex,True
37181107,2021,United Kingdom,openalex_ror,United Kingdom,7,openalex,True
33770171,2021,Japan,openalex_ror,Japan,35,openalex,True
33769766,2021,United States,openalex_ror,United States,8,openalex,True
33769765,2021,United States,openalex_ror,United States,27,openalex,True
33765359,2021,United States,openalex_ror,Netherlands|United States,43,openalex,True
33761502,2021,Netherlands,openalex_ror,Netherlands|United States,9,openalex,True
33747806,2021,China,openalex_ror,China,5,openalex,True
33744258,2021,United States,openalex_ror,United States,4,openalex,True
33733442,2021,Turkey,affil_country_name,Turkey,1,openalex,True
33727638,2021,Sweden,openalex_ror,Denmark|Germany|Sweden,19,openalex,True
33719638,2021,United Kingdom,openalex_ror,United Kingdom,8,openalex,True
33708786,2021,Lebanon,openalex_ror,Lebanon|Spain,46,openalex,True
33689909,2021,Canada,openalex_ror,Canada,1,openalex,True
33689606,2021,Turkey,openalex_ror,Turkey,6,openalex,True
33681532,2021,United States,openalex_ror,United States,0,openalex,True
33671011,2021,Ireland,openalex_ror,Ireland,62,openalex,True
33670732,2021,Japan,openalex_ror,Japan,45,openalex,True
33667681,2021,Spain,openalex_ror,Spain,24,openalex,True
33667017,2021,Hong Kong,openalex_ror,China|Hong Kong|United States,23,openalex,True
33656958,2021,Greece,openalex_ror,Greece|Switzerland|United States,11,openalex,True
33631984,2021,Croatia,affil_country_name,Croatia,2,openalex,True
33627758,2021,United Kingdom,openalex_ror,United Kingdom,9,openalex,True
33624461,2021,United States,openalex_ror,United States,30,openalex,True
33618905,2021,Spain,openalex_ror,Spain,3,openalex,True
33617389,2021,Spain,openalex_ror,Spain,10,openalex,True
33607693,2021,Germany,openalex_ror,Germany,4,openalex,True
33603892,2021,Romania,openalex_ror,Romania,20,openalex,True
33600810,2021,United States,openalex_ror,United States,9,openalex,True
33590372,2021,Italy,openalex_ror,Italy,27,openalex,True
33580896,2021,New Zealand,openalex_ror,New Zealand,8,openalex,True
33577693,2021,Unknown,no_affiliation,,27,openalex,True
33577692,2021,Unknown,no_affiliation,,35,openalex,True
33575037,2021,China,openalex_ror,China,8,openalex,True
33573798,2021,France,openalex_ror,France,0,openalex,True
33567035,2021,Brazil,openalex_ror,Brazil|United States,0,openalex,True
33563336,2021,Switzerland,openalex_ror,Switzerland,5,openalex,True
33560170,2021,Turkey,openalex_ror,Turkey,7,openalex,True
33550893,2021,Turkey,openalex_ror,Turkey,10,openalex,True
33548255,2021,Italy,openalex_ror,Italy|United States,7,openalex,True
33543874,2021,Iran,openalex_ror,Iran,12,openalex,True
33534235,2021,Australia,openalex_ror,Australia,27,openalex,True
33514906,2021,Canada,openalex_ror,Canada,17,openalex,True
33497690,2021,China,openalex_ror,China,15,openalex,True
33492849,2021,China,openalex_ror,China,17,openalex,True
33483901,2021,Mexico,openalex_ror,Mexico,0,openalex,True
33469480,2021,China,openalex_ror,China,8,openalex,True
33466126,2021,China,openalex_ror,China,5,openalex,True
33464378,2021,Austria,openalex_ror,Austria|Germany,7,openalex,True
33463562,2021,India,openalex_ror,India,69,openalex,True
33443628,2021,Germany,openalex_ror,Germany,15,openalex,True
33442228,2021,Saudi Arabia,openalex_ror,Saudi Arabia,10,openalex,True
33432994,2021,Unknown,no_affiliation,,27,openalex,True
33420518,2021,Germany,openalex_ror,Germany,1,openalex,True
33414527,2021,China,openalex_ror,China,20,openalex,True
33395116,2021,Germany,openalex_ror,Germany,51,openalex,True
33394926,2021,New Zealand,openalex_ror,New Zealand,1,openalex,True
33389422,2021,United Kingdom,openalex_ror,Turkey|United Kingdom,3,openalex,True
33383093,2020,Canada,openalex_ror,Canada,51,openalex,True
33376299,2020,Mexico,openalex_ror,Argentina|Mexico,18,openalex,True
33369925,2020,India,openalex_ror,India,7,openalex,True
33340508,2021,Switzerland,openalex_ror,Italy|Switzerland|United States,135,openalex,True
33323709,2020,Australia,openalex_ror,Australia,30,openalex,True
33323708,2020,United States,openalex_ror,Brazil|Switzerland|United States,65,openalex,True
33316263,2020,United States,openalex_ror,United States,94,openalex,True
33298778,2021,United States,openalex_ror,Brazil|United States,7,openalex,True
33295997,2020,Unknown,no_affiliation,,66,openalex,True
33288782,2020,India,openalex_ror,India,26,openalex,True
33279597,2020,United States,openalex_ror,United States,26,openalex,True
33264161,2021,Mexico,openalex_ror,Mexico,6,openalex,True
33259405,2020,SM,openalex_ror,SM,2,openalex,True
33252568,2021,Iran,openalex_ror,Iran,22,openalex,True
33231276,2020,Germany,openalex_ror,Germany,11,openalex,True
33229708,2020,India,openalex_ror,India,14,openalex,True
33229669,2020,India,openalex_ror,India,9,openalex,True
33229657,2020,India,openalex_ror,India,33,openalex,True
33229656,2020,India,openalex_ror,India,33,openalex,True
33229652,2020,India,openalex_ror,India,39,openalex,True
33229651,2020,India,affil_country_name,Greece|India|Switzerland|United States,37,openalex,True
33229650,2020,India,openalex_ror,India,21,openalex,True
33229645,2020,India,openalex_ror,India,16,openalex,True
33229643,2020,United Kingdom,openalex_ror,United Kingdom,40,openalex,True
33227242,2020,Switzerland,openalex_ror,Switzerland,76,openalex,True
33214946,2020,United States,openalex_ror,United States,0,openalex,True
33210975,2021,United States,openalex_ror,United States,36,openalex,True
33196569,2021,South Korea,openalex_ror,South Korea,18,openalex,True
33196151,2020,Norway,openalex_ror,Norway,59,openalex,True
33196146,2020,Sweden,openalex_ror,Sweden,7,openalex,True
33183087,2020,Israel,openalex_ror,Israel,10,openalex,True
33181627,2021,Italy,openalex_ror,Italy,53,openalex,True
33177802,2020,Egypt,openalex_ror,Egypt,23,openalex,True
33171194,2020,United States,openalex_ror,United States,58,openalex,True
33170280,2020,Unknown,no_affiliation,,10,openalex,True
33170279,2020,Unknown,no_affiliation,,15,openalex,True
33156077,2021,Japan,openalex_ror,Japan,13,openalex,True
33149067,2020,United States,openalex_ror,United States,15,openalex,True
33148465,2020,Iran,openalex_ror,Iran|United States,57,openalex,True
33147249,2020,United Kingdom,openalex_ror,Taiwan|United Kingdom,11,openalex,True
33135484,2020,Lebanon,openalex_ror,Greece|Lebanon,4,openalex,True
33133439,2020,Iran,openalex_ror,Iran,4,openalex,True
33092399,2020,Iran,openalex_ror,Iran|Switzerland,4,openalex,True
33079921,2021,India,openalex_ror,India|United States,32,openalex,True
33079919,2021,Egypt,openalex_ror,Egypt|United States,5,openalex,True
33079917,2021,Australia,openalex_ror,Australia|New Zealand,6,openalex,True
33078105,2020,Brazil,openalex_ror,Brazil,1,openalex,True
33063982,2020,Russia,openalex_ror,Russia,8,openalex,True
33063979,2020,Russia,openalex_ror,Russia,3,openalex,True
33063976,2020,Russia,openalex_ror,Russia,11,openalex,True
33061271,2020,Singapore,openalex_ror,Singapore,12,openalex,True
33049990,2020,Japan,openalex_ror,Japan,32,openalex,True
33034364,2020,Unknown,no_affiliation,,4,openalex,True
33031809,2020,India,openalex_ror,India|United States,17,openalex,True
33031216,2021,United Kingdom,openalex_ror,United Kingdom,0,openalex,True
33029700,2020,United States,openalex_ror,United States,16,openalex,True
33017120,2020,Hong Kong,openalex_ror,Hong Kong,14,openalex,True
33009254,2021,Belgium,openalex_ror,Belgium,20,openalex,True
33006120,2020,Iran,openalex_ror,Brazil|Iran|Italy|United States,10,openalex,True
33000763,2020,South Korea,openalex_ror,South Korea,9,openalex,True
32987082,2020,Argentina,openalex_ror,Argentina|Brazil,2,openalex,True
32983439,2020,Saudi Arabia,openalex_ror,Saudi Arabia,0,openalex,True
32982479,2020,Nepal,openalex_ror,Nepal,1,openalex,True
32972759,2020,France,openalex_ror,France,26,openalex,True
32962415,2020,Italy,openalex_ror,Italy,18,openalex,True
32953244,2020,Netherlands,openalex_ror,Israel|Netherlands,11,openalex,True
32947410,2021,Unknown,affil_unresolved,United States,2,openalex,True
32947403,2020,Turkey,openalex_ror,Turkey,8,openalex,True
32947394,2021,United States,openalex_ror,India|United States,26,openalex,True
32932374,2020,Turkey,openalex_ror,Turkey,2,openalex,True
32930519,2020,Egypt,openalex_ror,Egypt,15,openalex,True
32925655,2020,Colombia,openalex_ror,Colombia,3,openalex,True
32925642,2020,Spain,openalex_ror,Spain,0,openalex,True
32914586,2020,Germany,openalex_ror,Germany,29,openalex,True
32910331,2020,Poland,affil_country_name,Poland|Spain,21,openalex,True
32902932,2021,Italy,openalex_ror,Italy,9,openalex,True
32901829,2020,Unknown,no_affiliation,,7,openalex,True
32896387,2020,Greece,openalex_ror,Greece|India,2,openalex,True
32884233,2020,Portugal,openalex_ror,Portugal,17,openalex,True
32883647,2020,Spain,openalex_ror,Spain,23,openalex,True
32879776,2020,United States,openalex_ror,United States,7,openalex,True
32864059,2020,Turkey,openalex_ror,Turkey,4,openalex,True
32858580,2020,Italy,openalex_ror,Italy,64,openalex,True
32856196,2020,Turkey,openalex_ror,Turkey,0,openalex,True
32855871,2020,United States,openalex_ror,United States,14,openalex,True
32854460,2020,Turkey,openalex_ror,Turkey,19,openalex,True
32846150,2020,United States,openalex_ror,United States,8,openalex,True
32832574,2020,United Kingdom,openalex_ror,United Kingdom,23,openalex,True
32832232,2020,United States,openalex_ror,India|United States,35,openalex,True
32826646,2020,China,openalex_ror,China,4,openalex,True
32825314,2020,Poland,openalex_ror,Poland,5,openalex,True
32821675,2020,Turkey,openalex_ror,Turkey,11,openalex,True
32821501,2020,Israel,openalex_ror,Israel|Netherlands,6,openalex,True
32821498,2020,United States,openalex_ror,United States,11,openalex,True
32818448,2020,United Kingdom,openalex_ror,United Kingdom,39,openalex,True
32800613,2020,Switzerland,openalex_ror,Switzerland,7,openalex,True
32796273,2020,Peru,openalex_ror,Peru,31,openalex,True
32794082,2020,Italy,openalex_ror,Italy|United Kingdom,24,openalex,True
32785729,2020,Unknown,no_affiliation,,32,openalex,True
32779468,2020,Russia,openalex_ror,Russia,10,openalex,True
32777204,2020,New Zealand,openalex_ror,New Zealand,1,openalex,True
32775800,2020,Iran,openalex_ror,Iran,8,openalex,True
32774904,2020,Romania,openalex_ror,Romania,16,openalex,True
32756792,2020,Turkey,openalex_ror,Turkey,12,openalex,True
32751471,2020,Italy,openalex_ror,Italy|Slovakia,12,openalex,True
32744058,2020,India,openalex_ror,India|United States,16,openalex,True
32742324,2020,China,openalex_ror,China,7,openalex,True
32740004,2020,Italy,openalex_ror,Czechia|Germany|Italy,46,openalex,True
32725404,2020,China,openalex_ror,China,20,openalex,True
32715752,2020,Iran,openalex_ror,Iran,33,openalex,True
32715365,2020,Turkey,openalex_ror,Turkey,32,openalex,True
32703392,2020,United Kingdom,openalex_ror,United Kingdom,11,openalex,True
32703026,2020,Switzerland,openalex_ror,Greece|Switzerland,7,openalex,True
32702180,2020,United States,openalex_ror,United States,4,openalex,True
32694305,2021,India,openalex_ror,India,7,openalex,True
32686514,2020,Italy,affil_country_name,Italy,5,openalex,True
32685782,2020,India,openalex_ror,India,11,openalex,True
32685777,2020,Romania,openalex_ror,Romania,5,openalex,True
32678352,2020,United States,openalex_ror,United States,64,openalex,True
32669833,2020,Brazil,openalex_ror,Brazil,6,openalex,True
32667842,2020,Ireland,openalex_ror,Ireland|Japan,30,openalex,True
32651628,2020,Egypt,openalex_ror,Egypt,8,openalex,True
32644867,2020,India,openalex_ror,India,22,openalex,True
32641797,2020,Singapore,openalex_ror,Singapore,70,openalex,True
32637419,2020,China,openalex_ror,China,18,openalex,True
32612348,2020,Brazil,openalex_ror,Brazil,4,openalex,True
32607947,2020,Iran,openalex_ror,Iran,7,openalex,True
32589855,2020,China,openalex_ror,China,11,openalex,True
32587185,2020,United Kingdom,openalex_ror,United Kingdom,2,openalex,True
32577050,2020,Bosnia and Herzegovina,openalex_ror,Bosnia and Herzegovina|Croatia,9,openalex,True
32566797,2020,India,affil_country_name,India,8,openalex,True
32566511,2020,South Korea,openalex_ror,South Korea,9,openalex,True
32566501,2020,Egypt,openalex_ror,Egypt,9,openalex,True
32566268,2020,Lebanon,openalex_ror,Lebanon,17,openalex,True
32565111,2020,China,openalex_ror,China|United States,17,openalex,True
32557558,2020,United States,openalex_ror,United States,33,openalex,True
32556637,2020,Germany,openalex_ror,Germany|India,21,openalex,True
32551125,2020,Argentina,openalex_ror,Argentina,10,openalex,True
32545294,2020,Spain,openalex_ror,Spain,10,openalex,True
32539132,2020,Switzerland,openalex_ror,Brazil|Germany|Switzerland,35,openalex,True
32538202,2020,Turkey,openalex_ror,Turkey|United States,14,openalex,True
32537477,2020,China,openalex_ror,China|Greece|United Kingdom,7,openalex,True
32535751,2020,Brazil,openalex_ror,Brazil,23,openalex,True
32532321,2020,United States,openalex_ror,United Kingdom|United States,3,openalex,True
32512211,2020,United States,openalex_ror,Canada|United Kingdom|United States,8,openalex,True
32510009,2020,Iran,openalex_ror,Iran,13,openalex,True
32509440,2020,United States,openalex_ror,United States,23,openalex,True
32504479,2020,Russia,openalex_ror,Russia,6,openalex,True
32498548,2020,Egypt,openalex_ror,Egypt,14,openalex,True
32494120,2020,Colombia,affil_country_name,Colombia,5,openalex,True
32490020,2020,France,openalex_ror,France|Lebanon|United Arab Emirates,4,openalex,True
32490019,2020,New Zealand,openalex_ror,New Zealand,10,openalex,True
32488590,2020,Turkey,openalex_ror,Turkey,9,openalex,True
32482959,2020,New Zealand,openalex_ror,New Zealand|United Kingdom,31,openalex,True
32481438,2020,United Kingdom,openalex_ror,China|United Kingdom,19,openalex,True
32481392,2020,Serbia,openalex_ror,Serbia,8,openalex,True
32461455,2020,India,openalex_ror,India,5,openalex,True
32461422,2020,United Kingdom,openalex_ror,United Kingdom,11,openalex,True
32448765,2020,Belgium,openalex_ror,Belgium,15,openalex,True
32443319,2020,China,openalex_ror,China,10,openalex,True
32443014,2020,United Kingdom,openalex_ror,United Kingdom,28,openalex,True
32442558,2020,United States,openalex_ror,Singapore|United States,77,openalex,True
32428961,2020,United States,openalex_ror,United States,13,openalex,True
32413453,2020,Turkey,openalex_ror,Turkey,37,openalex,True
32399407,2020,Egypt,openalex_ror,Egypt,9,openalex,True
32396639,2020,Unknown,no_affiliation,,48,openalex,True
32372574,2020,United States,openalex_ror,United States,44,openalex,True
32366077,2020,Russia,openalex_ror,Russia,9,openalex,True
32361861,2020,Germany,openalex_ror,Germany|Mexico,16,openalex,True
32358271,2020,Israel,openalex_ror,Israel,10,openalex,True
32355111,2020,New Zealand,openalex_ror,New Zealand,22,openalex,True
32340101,2020,Italy,openalex_ror,Italy|United Kingdom,8,openalex,True
32330985,2020,Switzerland,openalex_ror,Switzerland,2,openalex,True
32318286,2020,Egypt,openalex_ror,Egypt,11,openalex,True
32309123,2020,Turkey,openalex_ror,Turkey,22,openalex,True
32304540,2020,AG,openalex_ror,AG|Turkey,14,openalex,True
32304431,2020,Switzerland,openalex_ror,Australia|Switzerland|United States,57,openalex,True
32304430,2020,Turkey,openalex_ror,Turkey,8,openalex,True
32298314,2020,Japan,openalex_ror,Japan,13,openalex,True
32296993,2020,France,openalex_ror,France,40,openalex,True
35497118,2020,Italy,openalex_ror,Italy,7,openalex,True
32282434,2020,United States,openalex_ror,United States,22,openalex,True
32282356,2020,United States,openalex_ror,United States,19,openalex,True
32274444,2020,United States,openalex_ror,United States,11,openalex,True
32274042,2020,Switzerland,openalex_ror,Switzerland,9,openalex,True
32271294,2020,Turkey,openalex_ror,Turkey,27,openalex,True
32271293,2020,United States,openalex_ror,United States,22,openalex,True
32269908,2020,Egypt,openalex_ror,Egypt,5,openalex,True
32267958,2020,Unknown,no_affiliation,,26,openalex,True
32267957,2020,Unknown,no_affiliation,,38,openalex,True
32264842,2020,Japan,openalex_ror,Japan,8,openalex,True
32210510,2020,Bosnia and Herzegovina,affil_country_name,Bosnia and Herzegovina|Croatia|Germany,24,openalex,True
32209301,2020,New Zealand,openalex_ror,New Zealand,19,openalex,True
32186674,2020,Spain,openalex_ror,Spain|United States,26,openalex,True
32174735,2020,India,openalex_ror,India,18,openalex,True
32171767,2020,Austria,openalex_ror,Austria,11,openalex,True
32161770,2020,Switzerland,openalex_ror,Switzerland,17,openalex,True
32159824,2020,Unknown,no_affiliation,United Kingdom,8,openalex,True
32148942,2020,United States,openalex_ror,United States,13,openalex,True
32140613,2020,Brazil,openalex_ror,Brazil,8,openalex,True
32131123,2020,Switzerland,openalex_ror,Switzerland,1,openalex,True
32126042,2020,Canada,openalex_ror,Canada,43,openalex,True
32125497,2020,Germany,openalex_ror,Germany,7,openalex,True
32109983,2020,Egypt,openalex_ror,Egypt,4,openalex,True
32099313,2020,Turkey,affil_country_name,Turkey,121,openalex,True
32095204,2020,Iran,openalex_ror,Iran,2,openalex,True
32083224,2020,United States,openalex_ror,United States,10,openalex,True
32067338,2020,Ireland,openalex_ror,Ireland,8,openalex,True
35098062,2020,Turkey,openalex_ror,Turkey,0,openalex,True
32051139,2020,China,openalex_ror,China,25,openalex,True
32050235,2020,Netherlands,openalex_ror,Netherlands,9,openalex,True
32050206,2020,Spain,openalex_ror,Spain,29,openalex,True
32047218,2020,China,openalex_ror,Australia|China,6,openalex,True
32036622,2020,Turkey,affil_country_name,Turkey,10,openalex,True
32032432,2020,Unknown,no_affiliation,,5,openalex,True
32032431,2020,Unknown,no_affiliation,,24,openalex,True
32031315,2020,Australia,openalex_ror,Australia,3,openalex,True
32018247,2020,United Kingdom,openalex_ror,Greece|United Kingdom,13,openalex,True
31964268,2020,Switzerland,openalex_ror,Switzerland,42,openalex,True
31945333,2020,Canada,openalex_ror,Canada,29,openalex,True
31920417,2019,United Kingdom,openalex_ror,United Kingdom,11,openalex,True
31920322,2019,Romania,openalex_ror,Romania,24,openalex,True
31917853,2020,Unknown,unresolved,,0,openalex,True
31917851,2020,Unknown,no_affiliation,,8,openalex,True
31915972,2020,Turkey,openalex_ror,Turkey,6,openalex,True
31909581,2020,Turkey,openalex_ror,Turkey,8,openalex,True
31908406,2019,Greece,openalex_ror,Greece,8,openalex,True
31902993,2019,India,openalex_ror,India,14,openalex,True
31900647,2020,Italy,openalex_ror,Italy,16,openalex,True
31890719,2019,Italy,openalex_ror,China|Greece|Italy|Norway,9,openalex,True
31890347,2019,United States,openalex_ror,United States,19,openalex,True
31884496,2019,China,openalex_ror,China,7,openalex,True
35187460,2019,Turkey,affil_country_name,Turkey,2,openalex,True
31874503,2019,China,openalex_ror,China,1,openalex,True
31872325,2019,United States,openalex_ror,United States,48,openalex,True
31860972,2019,Japan,openalex_ror,Japan,11,openalex,True
31860073,2020,United States,openalex_ror,United States,5,openalex,True
31856532,2020,India,openalex_ror,India,7,openalex,True
31856520,2020,India,openalex_ror,India,6,openalex,True
31853423,2019,China,openalex_ror,China|United Kingdom,21,openalex,True
31850179,2019,Saudi Arabia,openalex_ror,Saudi Arabia,39,openalex,True
31849445,2019,Egypt,openalex_ror,Egypt,19,openalex,True
31848679,2020,Germany,affil_country_name,Germany,,,False
31845564,2020,Bosnia and Herzegovina,openalex_ror,Bosnia and Herzegovina|Croatia|Germany|United Kingdom,8,openalex,True
31842794,2019,United States,openalex_ror,United States,15,openalex,True
31836491,2019,Romania,openalex_ror,Romania,32,openalex,True
31833250,2019,South Korea,openalex_ror,South Korea,11,openalex,True
31824132,2019,Egypt,openalex_ror,Egypt,14,openalex,True
31814727,2019,Switzerland,openalex_ror,Switzerland,4,openalex,True
31806928,2019,Egypt,openalex_ror,Egypt,13,openalex,True
31764287,2020,Turkey,openalex_ror,Turkey,19,openalex,True
31755807,2019,United States,openalex_ror,United States,58,openalex,True
31741859,2019,Egypt,openalex_ror,Egypt,9,openalex,True
31737431,2019,Switzerland,openalex_ror,Switzerland,6,openalex,True
31735063,2019,United States,openalex_ror,United States,27,openalex,True
31725701,2020,United States,openalex_ror,United States,12,openalex,True
31720752,2020,Germany,openalex_ror,Germany,10,openalex,True
31714520,2019,Russia,openalex_ror,Russia,3,openalex,True
31710374,2019,Unknown,no_affiliation,,36,openalex,True
31707858,2019,BT,openalex_ror,BT|India,11,openalex,True
31706520,2019,United States,openalex_ror,Brazil|Canada|United States,63,openalex,True
31691656,2019,Russia,openalex_ror,Russia,9,openalex,True
31678559,2019,Germany,openalex_ror,Germany,33,openalex,True
31673223,2019,China,openalex_ror,China,18,openalex,True
31662893,2019,Egypt,openalex_ror,Egypt,11,openalex,True
31654497,2019,Egypt,openalex_ror,Egypt,61,openalex,True
31651430,2020,Japan,openalex_ror,Japan,6,openalex,True
31619902,2019,United States,openalex_ror,Saudi Arabia|United States,1,openalex,True
31619359,2019,India,openalex_ror,India|United States,97,openalex,True
31614850,2019,Italy,openalex_ror,Italy,13,openalex,True
31614631,2019,United States,openalex_ror,United States,100,openalex,True
31610006,2019,Unknown,no_affiliation,,25,openalex,True
31610005,2019,Unknown,no_affiliation,,35,openalex,True
35187452,2019,Turkey,openalex_ror,Turkey,7,openalex,True
31605471,2019,China,openalex_ror,China,35,openalex,True
31605317,2019,United States,openalex_ror,United States,50,openalex,True
31598524,2019,United States,openalex_ror,United States,4,openalex,True
31579231,2019,Thailand,openalex_ror,Thailand,11,openalex,True
31577628,2020,Netherlands,openalex_ror,Netherlands,35,openalex,True
31574051,2020,Germany,openalex_ror,Germany,15,openalex,True
31572660,2019,Greece,openalex_ror,Greece,1,openalex,True
31571089,2019,Italy,openalex_ror,Italy|United Kingdom,9,openalex,True
31569699,2019,China,openalex_ror,China|United States,4,openalex,True
31567631,2020,United States,openalex_ror,United States,28,openalex,True
31567558,2020,United Kingdom,openalex_ror,United Kingdom,11,openalex,True
31564364,2019,Canada,openalex_ror,Canada,1,openalex,True
31560871,2019,United States,openalex_ror,United States,72,openalex,True
31549886,2019,Spain,openalex_ror,Spain,5,openalex,True
31546518,2019,United Kingdom,openalex_ror,United Kingdom,3,openalex,True
31546517,2019,India,openalex_ror,India,14,openalex,True
31546364,2019,Ireland,openalex_ror,Ireland,43,openalex,True
31543667,2019,Saudi Arabia,openalex_ror,Saudi Arabia,21,openalex,True
31533809,2019,Greece,openalex_ror,Greece,8,openalex,True
31532699,2019,Nepal,openalex_ror,Nepal|United Kingdom|United States,60,openalex,True
31528759,2019,Iran,openalex_ror,Iran,32,openalex,True
31515418,2019,United Kingdom,openalex_ror,United Kingdom,12,openalex,True
31513045,2020,Germany,openalex_ror,Germany,20,openalex,True
31507315,2019,Mexico,openalex_ror,Mexico,10,openalex,True
31505958,2019,Turkey,openalex_ror,Turkey,16,openalex,True
31490278,2020,Brazil,openalex_ror,Brazil,19,openalex,True
31490276,2020,Turkey,openalex_ror,Turkey,30,openalex,True
31487097,2019,China,openalex_ror,China|United States,6,openalex,True
31483320,2019,United States,openalex_ror,United States,29,openalex,True
31463554,2019,Nepal,openalex_ror,Nepal,23,openalex,True
31453822,2019,China,openalex_ror,China,16,openalex,True
31449434,2019,United States,openalex_ror,United States,12,openalex,True
31440935,2019,Turkey,openalex_ror,Turkey,14,openalex,True
31425353,2020,China,openalex_ror,China,22,openalex,True
31425352,2020,Turkey,openalex_ror,Turkey,14,openalex,True
31411927,2019,Singapore,openalex_ror,Singapore,51,openalex,True
31403321,2019,Turkey,openalex_ror,Netherlands|Turkey,8,openalex,True
31401338,2019,United Kingdom,openalex_ror,United Kingdom,115,openalex,True
31396412,2019,Lebanon,openalex_ror,Lebanon|United Arab Emirates,0,openalex,True
31393985,2019,Unknown,no_affiliation,,90,openalex,True
31391683,2019,India,openalex_ror,India,7,openalex,True
35187443,2019,Turkey,openalex_ror,Turkey,2,openalex,True
35187435,2019,Turkey,openalex_ror,Turkey,5,openalex,True
31384160,2018,Saudi Arabia,openalex_ror,Saudi Arabia,11,openalex,True
31372311,2019,Netherlands,openalex_ror,Netherlands,8,openalex,True
31369463,2020,Japan,openalex_ror,Japan,82,openalex,True
31363996,2019,Greece,openalex_ror,Cyprus|Greece|Switzerland,55,openalex,True
31360724,2019,South Korea,affil_country_name,South Korea|United States,10,openalex,True
31356422,2020,Italy,openalex_ror,Italy,16,openalex,True
31341652,2019,Canada,openalex_ror,Canada,4,openalex,True
31335530,2019,Canada,openalex_ror,Canada,22,openalex,True
31335524,2019,Canada,openalex_ror,Canada,17,openalex,True
31321736,2019,United States,openalex_ror,United States,24,openalex,True
31312750,2019,Sweden,openalex_ror,Sweden,20,openalex,True
31308406,2019,Germany,openalex_ror,Germany,17,openalex,True
31301105,2019,Sweden,openalex_ror,Sweden,17,openalex,True
31300155,2019,Iran,openalex_ror,Brazil|Iran|Italy|United Kingdom|United States,43,openalex,True
31278588,2019,Greece,openalex_ror,Greece|Switzerland,11,openalex,True
31273313,2019,New Zealand,openalex_ror,New Zealand,28,openalex,True
31272775,2019,China,openalex_ror,China,19,openalex,True
31272773,2019,Austria,openalex_ror,Austria,25,openalex,True
31251279,2019,United States,openalex_ror,United States,5,openalex,True
31250289,2019,China,openalex_ror,Australia|China,11,openalex,True
31222533,2019,Iran,openalex_ror,Iran,8,openalex,True
31216215,2019,Mexico,openalex_ror,Mexico,14,openalex,True
31215545,2019,Russia,openalex_ror,Russia,6,openalex,True
31211003,2019,France,openalex_ror,France,63,openalex,True
31204085,2019,Hungary,openalex_ror,France|Hungary|United States,5,openalex,True
31198900,2019,Iran,openalex_ror,Iran,10,openalex,True
31185107,2019,Unknown,no_affiliation,,6,openalex,True
31185103,2019,Unknown,no_affiliation,,22,openalex,True
31185100,2019,Unknown,no_affiliation,,20,openalex,True
31184498,2019,Turkey,openalex_ror,Turkey,0,openalex,True
31184397,2019,United Kingdom,openalex_ror,United Kingdom,13,openalex,True
31180339,2019,United States,openalex_ror,Israel|Italy|United States,14,openalex,True
31172016,2019,Turkey,openalex_ror,Turkey,39,openalex,True
31170327,2019,New Zealand,openalex_ror,New Zealand,32,openalex,True
31170104,2019,Turkey,openalex_ror,Turkey,4,openalex,True
31170100,2019,United States,openalex_ror,United States,50,openalex,True
31169612,2019,Greece,openalex_ror,Greece,30,openalex,True
31146950,2019,Switzerland,affil_country_name,Brazil|Italy|Switzerland,4,openalex,True
31146939,2019,Unknown,no_affiliation,,0,openalex,True
31146937,2019,Algeria,openalex_ror,Algeria,1,openalex,True
31143527,2019,Singapore,openalex_ror,Singapore,22,openalex,True
31133582,2019,Canada,openalex_ror,Canada,5,openalex,True
31118557,2019,Greece,openalex_ror,Greece,22,openalex,True
31116307,2019,Italy,openalex_ror,Italy,0,openalex,True
31114658,2019,Iran,openalex_ror,Iran,6,openalex,True
31114118,2019,Iran,openalex_ror,Iran,26,openalex,True
31112970,2019,China,openalex_ror,China,13,openalex,True
31111489,2019,United States,openalex_ror,United States,74,openalex,True
31109479,2018,Canada,openalex_ror,Canada|United States,11,openalex,True
31107761,2019,United States,affil_city_hint,United States,19,openalex,True
31107284,2019,Turkey,openalex_ror,Turkey,11,openalex,True
31099830,2019,Switzerland,openalex_ror,Germany|Switzerland,67,openalex,True
31098325,2019,Egypt,openalex_ror,Egypt,27,openalex,True
31096492,2019,Japan,openalex_ror,Japan,12,openalex,True
31080047,2019,Switzerland,openalex_ror,Greece|Switzerland,4,openalex,True
31075321,2019,United Kingdom,openalex_ror,United Kingdom,303,openalex,True
31073520,2019,China,openalex_ror,China,3,openalex,True
31059583,2019,Unknown,no_affiliation,,14,openalex,True
31041523,2019,China,openalex_ror,China,61,openalex,True
31040638,2019,Greece,openalex_ror,Greece,30,openalex,True
31033731,2019,Netherlands,openalex_ror,Netherlands,29,openalex,True
31033693,2019,China,openalex_ror,China|United States,28,openalex,True
31033692,2019,Turkey,openalex_ror,Turkey,23,openalex,True
31026242,2019,Italy,openalex_ror,Italy,44,openalex,True
31019909,2019,United States,openalex_ror,United States,174,openalex,True
31014449,2019,Germany,openalex_ror,Germany,39,openalex,True
31012258,2019,Sweden,openalex_ror,Sweden,13,openalex,True
31003798,2019,Italy,openalex_ror,Italy,51,openalex,True
30999334,2019,Switzerland,openalex_ror,Switzerland|United Kingdom,1,openalex,True
30997402,2019,United Kingdom,openalex_ror,United Kingdom,41,openalex,True
30984983,2019,United States,openalex_ror,Switzerland|United States,22,openalex,True
30984419,2019,Romania,openalex_ror,Romania,42,openalex,True
30977329,2019,Italy,openalex_ror,Australia|Italy|Japan,7,openalex,True
30964230,2019,Denmark,openalex_ror,Denmark,73,openalex,True
30962070,2019,France,openalex_ror,France,12,openalex,True
30949880,2019,Czechia,openalex_ror,Czechia,30,openalex,True
30947867,2019,United States,openalex_ror,Italy|United States,2,openalex,True
30947857,2019,Unknown,no_affiliation,,3,openalex,True
30947752,2019,Canada,openalex_ror,Canada,1,openalex,True
30943777,2019,Iran,openalex_ror,Iran,36,openalex,True
30928252,2019,United States,openalex_ror,United States,37,openalex,True
30920597,2019,Netherlands,openalex_ror,Netherlands,57,openalex,True
30906900,2019,Greece,openalex_ror,Greece,11,openalex,True
30906586,2019,China,openalex_ror,China,8,openalex,True
30904286,2019,Turkey,openalex_ror,Turkey,4,openalex,True
30900595,2019,India,openalex_ror,India,24,openalex,True
30899841,2018,Germany,openalex_ror,Germany,180,openalex,True
30892952,2019,Italy,openalex_ror,Italy,1,openalex,True
30891522,2018,Iran,openalex_ror,Iran,2,openalex,True
30887593,2019,Turkey,openalex_ror,Singapore|Turkey,1,openalex,True
30882540,2019,India,openalex_ror,India,0,openalex,True
30882538,2019,United States,openalex_ror,Italy|United States,68,openalex,True
30880905,2019,Portugal,openalex_ror,Portugal,26,openalex,True
30872596,2019,Denmark,openalex_ror,Denmark|Singapore,16,openalex,True
30866862,2019,South Korea,openalex_ror,South Korea,8,openalex,True
30858022,2019,Australia,openalex_ror,Australia|Belgium|United Kingdom,251,openalex,True
30857417,2019,United Kingdom,openalex_ror,United Kingdom,3,openalex,True
30855098,2019,Unknown,no_affiliation,,37,openalex,True
30855097,2019,Peru,openalex_ror,Peru,44,openalex,True
30855096,2019,Unknown,no_affiliation,,30,openalex,True
30815621,2019,Italy,openalex_ror,Italy,6,openalex,True
30809492,2019,Jordan,openalex_ror,Jordan|United States,14,openalex,True
30809476,2019,China,openalex_ror,China,14,openalex,True
30808595,2019,Turkey,openalex_ror,Turkey,45,openalex,True
30804658,2019,Spain,openalex_ror,Spain,20,openalex,True
30793800,2019,Australia,openalex_ror,Australia,33,openalex,True
30770866,2019,United Kingdom,openalex_ror,United Kingdom,2,openalex,True
30770865,2019,Italy,openalex_ror,Italy,5,openalex,True
30762310,2019,Austria,openalex_ror,Austria,15,openalex,True
30756083,2019,Spain,openalex_ror,Spain,24,openalex,True
30742225,2019,Unknown,no_affiliation,,34,openalex,True
30733107,2019,France,openalex_ror,France,19,openalex,True
30729234,2019,Turkey,affil_country_name,Turkey,5,openalex,True
30726402,2019,Chile,openalex_ror,Chile,15,openalex,True
30705998,2019,United States,openalex_ror,United States,10,openalex,True
30690906,2019,Italy,openalex_ror,Italy,4,openalex,True
30681524,2019,Unknown,unresolved,,0,openalex,True
30681515,2019,United States,openalex_ror,Switzerland|United States,71,openalex,True
30679128,2019,Morocco,openalex_ror,Morocco,0,openalex,True
30662839,2019,China,openalex_ror,China,2,openalex,True
30656511,2019,United Kingdom,openalex_ror,Switzerland|United Kingdom,7,openalex,True
30643657,2018,Italy,openalex_ror,Italy,3,openalex,True
30632324,2018,Mexico,openalex_ror,Mexico|Pakistan,1,openalex,True
30627477,2018,India,openalex_ror,India,24,openalex,True
30615727,2018,United States,openalex_ror,United States,17,openalex,True
30610230,2019,United Kingdom,openalex_ror,United Kingdom,40,openalex,True
30601930,2019,United States,openalex_ror,United States,40,openalex,True
30601287,2019,Lebanon,affil_country_name,Lebanon,13,openalex,True
30599204,2018,United States,openalex_ror,United States,11,openalex,True
30593737,2018,Finland,openalex_ror,Finland,16,openalex,True
30587181,2018,China,openalex_ror,China,14,openalex,True
30581603,2018,Lebanon,openalex_ror,Lebanon|United Arab Emirates,10,openalex,True
30581308,2018,Germany,openalex_ror,Germany|United States,3,openalex,True
30574883,2019,India,openalex_ror,Greece|India|Switzerland,72,openalex,True
30573402,2018,United Kingdom,openalex_ror,Germany|United Kingdom,16,openalex,True
30555966,2018,Iran,openalex_ror,Iran,12,openalex,True
30540368,2018,Unknown,no_affiliation,,56,openalex,True
30538061,2018,Turkey,openalex_ror,Turkey,32,openalex,True
30529566,2018,Lebanon,openalex_ror,Lebanon,8,openalex,True
30526794,2018,China,openalex_ror,China,1,openalex,True
30526789,2018,China,openalex_ror,China,1,openalex,True
30520129,2018,United Kingdom,openalex_ror,United Kingdom,13,openalex,True
30505118,2018,Oman,openalex_ror,Oman,12,openalex,True
30499232,2018,Egypt,openalex_ror,Egypt,39,openalex,True
30473092,2018,Germany,openalex_ror,Germany,7,openalex,True
30448005,2018,Switzerland,openalex_ror,Switzerland|United States,27,openalex,True
30428099,2018,Unknown,no_affiliation,,10,openalex,True
30428097,2018,Unknown,no_affiliation,,50,openalex,True
30421526,2018,Germany,openalex_ror,Germany,37,openalex,True
30421316,2018,Italy,openalex_ror,Italy|United Kingdom,4,openalex,True
30419866,2018,China,openalex_ror,China|United States,13,openalex,True
30413377,2018,Turkey,openalex_ror,Turkey,10,openalex,True
30410923,2018,Turkey,openalex_ror,Turkey,21,openalex,True
30403263,2018,Turkey,openalex_ror,Turkey,12,openalex,True
30402279,2018,China,openalex_ror,China,11,openalex,True
30372738,2018,Taiwan,affil_country_name,Taiwan,6,openalex,True
30365412,2019,Norway,openalex_ror,Norway,30,openalex,True
30362837,2018,Egypt,openalex_ror,Egypt,21,openalex,True
30361711,2018,Spain,openalex_ror,Mexico|Spain,0,openalex,True
30360937,2018,Italy,openalex_ror,Italy,21,openalex,True
30347076,2018,Spain,openalex_ror,Spain|United States,33,openalex,True
30340722,2018,Israel,openalex_ror,Israel,29,openalex,True
30328941,2018,Turkey,openalex_ror,Turkey,21,openalex,True
30314751,2018,United States,openalex_ror,United States,54,openalex,True
30300828,2018,Israel,openalex_ror,Israel,32,openalex,True
30296330,2018,Unknown,no_affiliation,,14,openalex,True
30284383,2018,Norway,openalex_ror,Norway,15,openalex,True
30271113,2018,Brazil,openalex_ror,Brazil|United States,18,openalex,True
30255714,2018,Germany,affil_country_name,Germany,24,openalex,True
30250236,2018,Egypt,openalex_ror,Egypt|United Kingdom,7,openalex,True
30238016,2018,Netherlands,openalex_ror,Netherlands,48,openalex,True
30228014,2018,United States,openalex_ror,United States,56,openalex,True
30214908,2018,Canada,openalex_ror,Canada,23,openalex,True
30213993,2018,United Kingdom,openalex_ror,Japan|United Kingdom|United States,5,openalex,True
30211742,2018,Iran,openalex_ror,Iran|United States,35,openalex,True
30202610,2018,Turkey,openalex_ror,Turkey,11,openalex,True
30199567,2018,Unknown,no_affiliation,,12,openalex,True
30197951,2018,Iran,openalex_ror,Iran|United States,8,openalex,True
30197718,2018,Singapore,affil_country_name,Singapore,,,False
30193317,2018,United Kingdom,openalex_ror,United Kingdom,5,openalex,True
30193316,2018,Taiwan,affil_country_name,Taiwan,8,openalex,True
30161054,2018,Turkey,openalex_ror,Turkey,10,openalex,True
30159325,2018,Japan,openalex_ror,Japan,7,openalex,True
30157054,2018,Turkey,openalex_ror,Turkey,20,openalex,True
30157048,2018,Switzerland,openalex_ror,Switzerland,57,openalex,True
30151277,2018,Italy,openalex_ror,Italy,52,openalex,True
30140651,2018,Indonesia,openalex_ror,Indonesia,5,openalex,True
30127148,2018,India,openalex_ror,India,7,openalex,True
30123383,2018,Singapore,openalex_ror,Singapore,54,openalex,True
30123379,2018,Singapore,openalex_ror,Singapore,20,openalex,True
30121073,2018,Thailand,openalex_ror,Thailand,5,openalex,True
30119784,2018,Canada,openalex_ror,Canada,5,openalex,True
30118656,2018,United States,openalex_ror,United States,26,openalex,True
30115299,2018,United States,openalex_ror,United States,18,openalex,True
30109755,2018,South Korea,openalex_ror,Japan|South Korea,9,openalex,True
30089189,2018,Unknown,no_affiliation,,44,openalex,True
30089187,2018,Unknown,no_affiliation,,16,openalex,True
30089186,2018,Unknown,no_affiliation,,23,openalex,True
30073363,2018,China,openalex_ror,China|United Kingdom,89,openalex,True
30067537,2018,United States,openalex_ror,Brazil|France|Singapore|Switzerland|United States,89,openalex,True
30055691,2018,Turkey,openalex_ror,Turkey,31,openalex,True
30041742,2018,United States,openalex_ror,United States,12,openalex,True
30037699,2018,United States,openalex_ror,United States,20,openalex,True
30029257,2018,China,openalex_ror,China,18,openalex,True
30021467,2018,Turkey,openalex_ror,Turkey,58,openalex,True
30020979,2018,United States,openalex_ror,United States,57,openalex,True
30016942,2018,China,openalex_ror,China,4,openalex,True
30012019,2018,Turkey,openalex_ror,Turkey,23,openalex,True
30001446,2018,Unknown,no_affiliation,,36,openalex,True
29995127,2018,Brazil,openalex_ror,Brazil,5,openalex,True
29993202,2018,Japan,openalex_ror,Japan,9,openalex,True
29988871,2018,Cambodia,openalex_ror,Cambodia,3,openalex,True
29987530,2018,Japan,openalex_ror,Japan,17,openalex,True
29985795,2018,Hong Kong,openalex_ror,Hong Kong|United States,11,openalex,True
29967694,2018,South Korea,openalex_ror,South Korea,7,openalex,True
29952798,2018,Egypt,openalex_ror,Egypt,28,openalex,True
29948500,2018,Turkey,openalex_ror,Turkey,7,openalex,True
29942176,2017,Turkey,affil_country_name,Turkey,11,openalex,True
29941747,2018,India,openalex_ror,India,5,openalex,True
29931571,2018,Iran,openalex_ror,Iran|United States,10,openalex,True
29912042,2018,India,openalex_ror,India,22,openalex,True
29910023,2018,Turkey,openalex_ror,Turkey,57,openalex,True
29903589,2018,France,openalex_ror,France,4,openalex,True
29895115,2018,China,openalex_ror,China,2,openalex,True
29891154,2018,United Kingdom,openalex_ror,United Kingdom,63,openalex,True
29891152,2018,India,openalex_ror,India,1,openalex,True
29889297,2018,Unknown,no_affiliation,,8,openalex,True
29889294,2018,Unknown,no_affiliation,,14,openalex,True
29871966,2018,Germany,openalex_ror,Germany,27,openalex,True
29863545,2018,Italy,openalex_ror,Italy,0,openalex,True
29862655,2018,AG,openalex_ror,AG|Turkey,27,openalex,True
29855152,2018,Germany,openalex_ror,Austria|Germany,115,openalex,True
29853413,2018,Morocco,openalex_ror,Morocco,0,openalex,True
29847492,2018,China,openalex_ror,China|United Kingdom,51,openalex,True
29847491,2018,India,openalex_ror,India,10,openalex,True
29804113,2018,Jordan,openalex_ror,Jordan|Spain,5,openalex,True
29796439,2018,Romania,openalex_ror,Romania,2,openalex,True
29784099,2018,Italy,openalex_ror,Italy,6,openalex,True
29778454,2018,Germany,openalex_ror,Germany,14,openalex,True
29778118,2018,Unknown,unresolved,,1,openalex,True
29778107,2018,Germany,openalex_ror,Germany,27,openalex,True
29777678,2018,United States,openalex_ror,United States,20,openalex,True
29771883,2018,Ukraine,openalex_ror,Ukraine,1,openalex,True
29771749,2018,United States,openalex_ror,United States,93,openalex,True
35542096,2018,China,openalex_ror,China,9,openalex,True
29757852,2018,Germany,openalex_ror,Germany,8,openalex,True
29753555,2018,Iran,openalex_ror,Iran,22,openalex,True
29750010,2018,India,openalex_ror,India,34,openalex,True
29746325,2018,Israel,openalex_ror,Israel,38,openalex,True
29739628,2018,India,openalex_ror,India,10,openalex,True
29738594,2018,Unknown,no_affiliation,,17,openalex,True
29738593,2018,Unknown,no_affiliation,,28,openalex,True
29738584,2018,Unknown,no_affiliation,,176,openalex,True
29738582,2018,Unknown,unresolved,,0,openalex,True
29736691,2018,China,openalex_ror,China|Hong Kong,9,openalex,True
29729256,2018,United States,openalex_ror,United States,7,openalex,True
29703291,2018,China,openalex_ror,China,13,openalex,True
29703286,2018,United States,openalex_ror,United States,36,openalex,True
29698993,2018,United States,openalex_ror,New Zealand|United States,54,openalex,True
29685772,2018,Italy,openalex_ror,Italy,45,openalex,True
29681834,2018,Japan,openalex_ror,Japan,6,openalex,True
29675563,2018,Jordan,openalex_ror,Jordan,3,openalex,True
29675392,2018,China,openalex_ror,China,22,openalex,True
29673063,2018,Germany,openalex_ror,Germany|Hungary,67,openalex,True
29666915,2018,Germany,openalex_ror,Germany,10,openalex,True
29657977,2018,United States,openalex_ror,United States,11,openalex,True
29634842,2018,United Kingdom,openalex_ror,Taiwan|United Kingdom,57,openalex,True
29623463,2018,New Zealand,openalex_ror,New Zealand,102,openalex,True
29621306,2018,China,openalex_ror,China,34,openalex,True
29610222,2018,Brazil,openalex_ror,Brazil|United States,10,openalex,True
29610026,2018,United States,openalex_ror,United States,35,openalex,True
29605283,2018,United States,openalex_ror,United States,5,openalex,True
29601364,2018,United States,openalex_ror,United States,63,openalex,True
29594793,2018,Turkey,openalex_ror,Turkey,8,openalex,True
29589460,2017,Unknown,no_affiliation,,0,openalex,True
29582259,2018,Germany,openalex_ror,Germany,26,openalex,True
29576880,2018,Egypt,openalex_ror,Egypt,29,openalex,True
29576618,2018,United States,openalex_ror,Denmark|United States,26,openalex,True
29564931,2018,Peru,affil_country_name,Peru,37,openalex,True
29564806,2018,Egypt,openalex_ror,Egypt|Saudi Arabia,45,openalex,True
29564410,2017,Iran,openalex_ror,Iran,8,openalex,True
29561496,2018,United States,openalex_ror,United States,27,openalex,True
29538101,2018,Lebanon,openalex_ror,Lebanon,18,openalex,True
29526339,2018,United States,openalex_ror,United States,29,openalex,True
29525838,2018,Germany,openalex_ror,Germany,27,openalex,True
29523106,2018,China,openalex_ror,China,31,openalex,True
29522233,2018,Unknown,no_affiliation,,3,openalex,True
29522228,2018,Egypt,openalex_ror,Egypt|Spain,19,openalex,True
29522227,2018,Unknown,no_affiliation,,42,openalex,True
29502621,2018,New Zealand,openalex_ror,New Zealand,23,openalex,True
29499665,2018,China,openalex_ror,China|United States,33,openalex,True
29490342,2018,United Kingdom,openalex_ror,United Kingdom,35,openalex,True
29476249,2018,Austria,openalex_ror,Austria,27,openalex,True
29468296,2018,Switzerland,openalex_ror,Germany|Switzerland,5,openalex,True
29464114,2017,Egypt,openalex_ror,Egypt,11,openalex,True
29453698,2018,Turkey,openalex_ror,Turkey,41,openalex,True
29451741,2018,Italy,openalex_ror,Italy,24,openalex,True
29439091,2018,Brazil,openalex_ror,Brazil,21,openalex,True
29433743,2018,United Kingdom,affil_country_name,United Kingdom,0,openalex,True
29429144,2018,Turkey,openalex_ror,Turkey,4,openalex,True
29406330,2018,Australia,openalex_ror,Australia,22,openalex,True
29398901,2018,Egypt,openalex_ror,Egypt,4,openalex,True
29392322,2018,United States,openalex_ror,United States,20,openalex,True
29387501,2017,Colombia,affil_country_name,Colombia,5,openalex,True
29381972,2017,Romania,openalex_ror,Romania|Saudi Arabia,19,openalex,True
29375990,2018,Saudi Arabia,openalex_ror,Saudi Arabia,17,openalex,True
29365149,2018,Taiwan,affil_country_name,Taiwan,19,openalex,True
29364259,2018,Canada,openalex_ror,Canada|United States,5,openalex,True
29354720,2017,Iran,openalex_ror,Iran,19,openalex,True
29346493,2018,United States,openalex_ror,United States,10,openalex,True
29339637,2018,China,openalex_ror,China,10,openalex,True
29335104,2017,United States,openalex_ror,Germany|United States,51,openalex,True
29333909,2018,Iran,openalex_ror,Iran,5,openalex,True
29321650,2018,Australia,openalex_ror,Australia|South Africa,87,openalex,True
29319677,2017,Russia,openalex_ror,Russia,5,openalex,True
29319598,2018,Italy,openalex_ror,Italy|United States,207,openalex,True
29319597,2018,Sweden,openalex_ror,Sweden,18,openalex,True
29318768,2018,Switzerland,openalex_ror,Australia|Germany|Switzerland,28,openalex,True
29315446,2018,Unknown,unresolved,,0,openalex,True
29315445,2018,Unknown,unresolved,,0,openalex,True
29315442,2018,Unknown,no_affiliation,,61,openalex,True
29308960,2018,Italy,openalex_ror,Italy,26,openalex,True
29300266,2018,France,openalex_ror,France|United States,10,openalex,True
29300262,2018,Israel,openalex_ror,Israel|Switzerland,59,openalex,True
29296550,2017,Pakistan,openalex_ror,Pakistan|Saudi Arabia,19,openalex,True
29284455,2017,South Korea,openalex_ror,South Korea,23,openalex,True
29283924,2018,Palestine,openalex_ror,Palestine,31,openalex,True
29282020,2017,China,openalex_ror,China,64,openalex,True
29279651,2017,Iran,openalex_ror,Iran,0,openalex,True
29270469,2017,Iran,openalex_ror,Iran,52,openalex,True
29259913,2017,Mexico,openalex_ror,Mexico,8,openalex,True
29242903,2017,United States,openalex_ror,United States,11,openalex,True
29242757,2017,Switzerland,openalex_ror,Switzerland,8,openalex,True
29240126,2017,Sweden,openalex_ror,Sweden,4,openalex,True
29227513,2017,Unknown,no_affiliation,,101,openalex,True
29223236,2017,United States,openalex_ror,United States,66,openalex,True
29219951,2017,Australia,openalex_ror,Australia,37,openalex,True
29217454,2017,Jordan,openalex_ror,Jordan,10,openalex,True
29215396,2018,India,openalex_ror,India|Singapore,23,openalex,True
29203068,2017,United States,openalex_ror,United States,17,openalex,True
29201459,2017,Spain,openalex_ror,Spain,4,openalex,True
29200817,2017,Saudi Arabia,openalex_ror,Saudi Arabia|United Kingdom,9,openalex,True
29192682,2017,United Kingdom,openalex_ror,United Kingdom,2,openalex,True
29185116,2017,Italy,openalex_ror,Italy,28,openalex,True
29183298,2017,Germany,openalex_ror,Germany,19,openalex,True
29176450,2018,United States,openalex_ror,United States,10,openalex,True
29171504,2017,Iran,openalex_ror,Iran|Switzerland,11,openalex,True
29170974,2017,Turkey,openalex_ror,Turkey,1,openalex,True
29160595,2017,New Zealand,openalex_ror,New Zealand,60,openalex,True
29158733,2017,China,openalex_ror,China|France,8,openalex,True
29142546,2017,Pakistan,openalex_ror,Pakistan,3,openalex,True
29133974,2017,Netherlands,openalex_ror,Netherlands,22,openalex,True
29124079,2017,Switzerland,openalex_ror,Switzerland|United Kingdom,43,openalex,True
29123375,2017,Egypt,openalex_ror,Egypt,8,openalex,True
29122823,2017,Hong Kong,openalex_ror,Hong Kong,32,openalex,True
29120712,2017,India,openalex_ror,India,25,openalex,True
29120711,2017,Switzerland,openalex_ror,Switzerland,54,openalex,True
29118708,2017,Pakistan,affil_country_name,Pakistan,3,openalex,True
29117410,2017,Unknown,no_affiliation,,27,openalex,True
29116549,2017,China,openalex_ror,China,32,openalex,True
29111996,2018,India,openalex_ror,India,49,openalex,True
29111836,2017,Hungary,openalex_ror,Hungary,9,openalex,True
29110439,2017,Romania,openalex_ror,Romania,35,openalex,True
29095506,2017,China,openalex_ror,China|United States,21,openalex,True
29086187,2017,Romania,openalex_ror,Romania,15,openalex,True
29083509,2017,Hong Kong,openalex_ror,China|Hong Kong,7,openalex,True
29082102,2017,United States,openalex_ror,United States,18,openalex,True
29081866,2017,Singapore,openalex_ror,Singapore,38,openalex,True
29067107,2017,China,openalex_ror,China,33,openalex,True
29060143,2017,China,openalex_ror,China,0,openalex,True
29043533,2017,Turkey,openalex_ror,Turkey,9,openalex,True
29042747,2017,Colombia,affil_country_name,Colombia,14,openalex,True
29032110,2017,China,openalex_ror,China,17,openalex,True
29019068,2017,China,openalex_ror,China|Hong Kong,15,openalex,True
29017670,2017,Pakistan,affil_city_hint,Pakistan,,,False
28991336,2017,Unknown,no_affiliation,,37,openalex,True
28991335,2017,Unknown,no_affiliation,,33,openalex,True
28985813,2017,Canada,openalex_ror,Canada,4,openalex,True
28984766,2017,Japan,openalex_ror,Japan,19,openalex,True
28980568,2017,Italy,openalex_ror,Italy,3,openalex,True
28970517,2017,United States,openalex_ror,Denmark|United States,37,openalex,True
28963702,2017,China,openalex_ror,China,1,openalex,True
28961565,2018,United States,openalex_ror,United States,46,openalex,True
28951783,2017,Egypt,openalex_ror,Egypt,27,openalex,True
28945648,2018,China,openalex_ror,China,6,openalex,True
28944203,2017,China,openalex_ror,China,25,openalex,True
28938922,2017,Sweden,openalex_ror,Sweden,5,openalex,True
28938381,2017,Peru,openalex_ror,Peru,36,openalex,True
28936055,2017,Saudi Arabia,openalex_ror,Saudi Arabia,11,openalex,True
28935449,2017,Greece,affil_country_name,Greece|Switzerland|United States,38,openalex,True
28935121,2017,India,openalex_ror,Australia|India,262,openalex,True
28932338,2017,Switzerland,affil_country_name,Serbia|Switzerland,9,openalex,True
28932337,2017,United Kingdom,openalex_ror,Greece|Switzerland|United Kingdom,12,openalex,True
28926888,2017,China,openalex_ror,China,4,openalex,True
28922329,2017,Turkey,openalex_ror,Turkey,21,openalex,True
28919243,2017,United Kingdom,openalex_ror,United Kingdom,21,openalex,True
28917412,2017,Turkey,openalex_ror,Turkey,56,openalex,True
28917411,2017,Italy,openalex_ror,Italy,58,openalex,True
28913504,2017,China,affil_country_name,China,19,openalex,True
28910157,2017,China,openalex_ror,China|United States,5,openalex,True
28905822,2017,Iran,openalex_ror,Iran,13,openalex,True
28905820,2017,India,openalex_ror,India,33,openalex,True
28902914,2017,India,openalex_ror,India|Netherlands,80,openalex,True
28892949,2017,Iran,openalex_ror,Iran,17,openalex,True
28880336,2017,Unknown,no_affiliation,,35,openalex,True
28876968,2017,United States,openalex_ror,United States,50,openalex,True
28875112,2017,United States,openalex_ror,United States,5,openalex,True
28872519,2017,Turkey,openalex_ror,Turkey,21,openalex,True
28864177,2017,United States,openalex_ror,United States,32,openalex,True
28864070,2017,Switzerland,openalex_ror,Switzerland,35,openalex,True
28860694,2017,Egypt,openalex_ror,Egypt,16,openalex,True
28852910,2017,United States,openalex_ror,United States,171,openalex,True
28837530,2017,Spain,openalex_ror,Spain,1,openalex,True
28837529,2017,Netherlands,openalex_ror,Netherlands,2,openalex,True
28828480,2017,Netherlands,openalex_ror,Israel|Netherlands,16,openalex,True
28823446,2017,Switzerland,openalex_ror,Switzerland,18,openalex,True
28823441,2017,South Korea,openalex_ror,South Korea,48,openalex,True
28823440,2017,Hong Kong,openalex_ror,Hong Kong,8,openalex,True
28811794,2017,Turkey,affil_country_name,Turkey,10,openalex,True
28811773,2017,Pakistan,openalex_ror,Pakistan|Saudi Arabia,19,openalex,True
28802685,2017,Romania,openalex_ror,Romania,19,openalex,True
28791057,2017,Iran,openalex_ror,Iran,23,openalex,True
28787525,2017,Unknown,no_affiliation,,5,openalex,True
28787522,2017,Unknown,no_affiliation,,10,openalex,True
28778569,2017,Italy,affil_country_name,Italy,16,openalex,True
28763562,2017,United States,openalex_ror,Saudi Arabia|United States,30,openalex,True
28761323,2017,China,openalex_ror,China,19,openalex,True
28759945,2017,Iran,openalex_ror,Iran|United States,7,openalex,True
28755306,2017,Greece,openalex_ror,Greece|Switzerland,108,openalex,True
28749894,2017,South Korea,openalex_ror,South Korea,21,openalex,True
28747621,2017,China,openalex_ror,China,16,openalex,True
28745658,2017,Russia,openalex_ror,Russia,7,openalex,True
28732613,2017,Germany,openalex_ror,Germany,33,openalex,True
28730109,2017,Sweden,openalex_ror,China|Sweden,5,openalex,True
28721004,2017,United Kingdom,openalex_ror,United Kingdom,42,openalex,True
28709990,2017,Spain,openalex_ror,Spain,31,openalex,True
28704317,2017,Turkey,openalex_ror,Turkey,20,openalex,True
28700779,2017,Spain,openalex_ror,Spain|United States,37,openalex,True
28691944,2017,Taiwan,affil_country_name,Taiwan,3,openalex,True
28691035,2017,Japan,openalex_ror,Japan|United States,71,openalex,True
28683485,2017,Germany,openalex_ror,Germany|United Kingdom,9,openalex,True
28681909,2017,Unknown,no_affiliation,,11,openalex,True
28655729,2017,Italy,affil_country_name,Italy,28,openalex,True
28655538,2017,United States,openalex_ror,United States,111,openalex,True
28646439,2017,India,openalex_ror,India,8,openalex,True
28644862,2017,China,openalex_ror,China,16,openalex,True
28644681,2017,China,openalex_ror,China,10,openalex,True
28644240,2017,Netherlands,openalex_ror,Israel|Netherlands,7,openalex,True
28630792,2017,Turkey,openalex_ror,Turkey,4,openalex,True
28626821,2016,Iran,openalex_ror,Iran,4,openalex,True
28620708,2017,Greece,openalex_ror,Greece|Netherlands,3,openalex,True
28620706,2017,Japan,openalex_ror,Japan|Russia,23,openalex,True
28611646,2017,Israel,openalex_ror,Israel,15,openalex,True
28609427,2017,Unknown,unresolved,,0,openalex,True
28602332,2017,Italy,openalex_ror,Italy,16,openalex,True
28594649,2017,Switzerland,openalex_ror,Greece|Switzerland,40,openalex,True
28591281,2017,Brazil,openalex_ror,Brazil,14,openalex,True
28590790,2017,Turkey,openalex_ror,Turkey,8,openalex,True
28590282,2017,United States,openalex_ror,United States,50,openalex,True
28586502,2017,Unknown,no_affiliation,,26,openalex,True
28576226,2017,Canada,openalex_ror,Canada,6,openalex,True
28573997,2017,India,openalex_ror,India,31,openalex,True
28552439,2017,Spain,openalex_ror,Spain,1,openalex,True
28551428,2017,United Kingdom,openalex_ror,United Kingdom,17,openalex,True
28546941,2017,China,openalex_ror,China,28,openalex,True
28546926,2017,China,openalex_ror,China,21,openalex,True
28546688,2017,India,openalex_ror,India,32,openalex,True
28540578,2017,Germany,openalex_ror,Germany,6,openalex,True
28532974,2017,Netherlands,openalex_ror,Australia|Netherlands|United Kingdom,79,openalex,True
28532937,2017,Norway,openalex_ror,Norway,35,openalex,True
28523043,2017,Pakistan,openalex_ror,Pakistan,14,openalex,True
28513495,2017,India,openalex_ror,India,20,openalex,True
28513489,2017,Turkey,openalex_ror,Turkey,9,openalex,True
28503442,2017,Spain,openalex_ror,Spain,14,openalex,True
28495149,2017,United States,openalex_ror,United States,259,openalex,True
28494493,2017,United States,openalex_ror,Switzerland|United States,28,openalex,True
28486719,2017,Unknown,no_affiliation,,72,openalex,True
28486315,2017,South Korea,openalex_ror,South Korea,7,openalex,True
28486312,2017,China,openalex_ror,China,6,openalex,True
28478473,2016,Italy,openalex_ror,Italy,0,openalex,True
28477073,2017,Germany,openalex_ror,Germany,5,openalex,True
28476054,2017,United Kingdom,openalex_ror,United Kingdom|United States,8,openalex,True
28470657,2017,Germany,openalex_ror,Germany,7,openalex,True
28461739,2017,Egypt,openalex_ror,Egypt,13,openalex,True
28457614,2017,Canada,openalex_ror,Canada,33,openalex,True
28457313,2016,Israel,openalex_ror,Israel,6,openalex,True
28450791,2017,Greece,affil_country_name,Greece,8,openalex,True
28435217,2017,Colombia,openalex_ror,Colombia,50,openalex,True
28430702,2017,Turkey,affil_country_name,Turkey,,,False
28430701,2017,United Kingdom,openalex_ror,United Kingdom,1,openalex,True
28428679,2017,Italy,openalex_ror,Australia|Italy,6,openalex,True
28424993,2017,Netherlands,openalex_ror,Netherlands,19,openalex,True
28410729,2017,Unknown,no_affiliation,,6,openalex,True
28410728,2017,United Kingdom,openalex_ror,United Kingdom,1,openalex,True
28407172,2017,Unknown,no_affiliation,,7,openalex,True
28407170,2017,Unknown,no_affiliation,,13,openalex,True
28407169,2017,Unknown,no_affiliation,,24,openalex,True
28392939,2017,China,openalex_ror,China,27,openalex,True
28384251,2017,Taiwan,affil_country_name,Taiwan,67,openalex,True
28379654,2017,Australia,openalex_ror,Australia,21,openalex,True
28376553,2017,Switzerland,openalex_ror,Switzerland,18,openalex,True
28366375,2017,Norway,openalex_ror,Norway,15,openalex,True
28358253,2017,Turkey,openalex_ror,Turkey,27,openalex,True
28341606,2017,Lebanon,openalex_ror,Lebanon|United Arab Emirates,38,openalex,True
28337057,2017,Egypt,openalex_ror,Egypt,45,openalex,True
28336222,2017,Turkey,openalex_ror,Turkey,10,openalex,True
28335944,2017,India,openalex_ror,India,0,openalex,True
28318708,2017,France,openalex_ror,France,3,openalex,True
28317666,2017,United States,openalex_ror,United States,8,openalex,True
28299302,2017,Iran,openalex_ror,Iran,27,openalex,True
28297026,2017,Spain,openalex_ror,Spain|United States,45,openalex,True
28283279,2017,Italy,openalex_ror,Italy,80,openalex,True
28272223,2017,China,openalex_ror,China,18,openalex,True
28270007,2017,Hungary,openalex_ror,Germany|Hungary,2,openalex,True
28264134,2017,Unknown,no_affiliation,,34,openalex,True
28264133,2017,Unknown,no_affiliation,,9,openalex,True
28264131,2017,Unknown,no_affiliation,,8,openalex,True
28264130,2017,Unknown,no_affiliation,,15,openalex,True
28257382,2017,Italy,openalex_ror,Italy|United States,23,openalex,True
28244932,2018,Iran,openalex_ror,Iran,6,openalex,True
28242885,2016,Nepal,openalex_ror,Nepal,4,openalex,True
28235421,2017,Brazil,openalex_ror,Brazil,22,openalex,True
28230557,2017,South Korea,openalex_ror,South Korea,70,openalex,True
28217632,2016,Iran,openalex_ror,Iran,17,openalex,True
28215504,2017,Italy,openalex_ror,Italy,5,openalex,True
28205348,2017,Sweden,openalex_ror,Sweden|United States,24,openalex,True
28197339,2017,Turkey,openalex_ror,Turkey,26,openalex,True
28196224,2017,United States,openalex_ror,United States,6,openalex,True
28192838,2017,Switzerland,openalex_ror,Switzerland,11,openalex,True
28192592,2017,Unknown,no_affiliation,,70,openalex,True
28187472,2017,Germany,openalex_ror,Germany,1,openalex,True
28160249,2017,Romania,openalex_ror,Romania,19,openalex,True
28149672,2017,Switzerland,openalex_ror,Switzerland,16,openalex,True
28138772,2017,Germany,openalex_ror,Germany,10,openalex,True
28129292,2017,Australia,openalex_ror,Australia,18,openalex,True
28127465,2016,Egypt,openalex_ror,Egypt,13,openalex,True
28123695,2016,Iran,openalex_ror,Iran,13,openalex,True
28121296,2016,Russia,openalex_ror,Russia,3,openalex,True
28114577,2017,Italy,openalex_ror,Italy,20,openalex,True
28106466,2017,Argentina,openalex_ror,Argentina|United States,4,openalex,True
28101423,2016,United States,openalex_ror,United States,42,openalex,True
28090214,2016,United States,openalex_ror,United States,43,openalex,True
28079590,2017,China,openalex_ror,China,4,openalex,True
28068449,2017,Unknown,no_affiliation,,20,openalex,True
28068447,2017,Unknown,no_affiliation,,14,openalex,True
28060061,2017,France,openalex_ror,France,61,openalex,True
28060060,2017,Spain,openalex_ror,Spain,13,openalex,True
28060059,2017,Argentina,openalex_ror,Argentina,8,openalex,True
28060058,2017,India,openalex_ror,India,89,openalex,True
28057642,2017,Japan,openalex_ror,Japan,32,openalex,True
28055099,2017,United States,openalex_ror,United States,39,openalex,True
28055060,2017,United States,openalex_ror,United States,42,openalex,True
29560364,2017,Iran,openalex_ror,Iran,0,openalex,True
28035498,2016,Iran,openalex_ror,Iran,71,openalex,True
28031696,2016,Canada,openalex_ror,Canada,20,openalex,True
28018671,2016,Italy,openalex_ror,Italy,49,openalex,True
28009397,2016,United Kingdom,openalex_ror,United Kingdom,76,openalex,True
28007116,2016,Brazil,openalex_ror,Brazil,63,openalex,True
28003986,2016,China,openalex_ror,China,6,openalex,True
27990355,2016,China,openalex_ror,China,7,openalex,True
27982203,2016,Brazil,openalex_ror,Brazil,2,openalex,True
27956294,2016,United States,openalex_ror,United States,20,openalex,True
27930793,2016,Unknown,no_affiliation,,84,openalex,True
27930789,2016,Unknown,no_affiliation,,47,openalex,True
27926752,2016,United States,openalex_ror,United States,31,openalex,True
27918357,2017,United Kingdom,openalex_ror,United Kingdom,0,openalex,True
27914659,2016,Spain,openalex_ror,Spain,6,openalex,True
27910295,2016,Hong Kong,openalex_ror,China|Hong Kong,14,openalex,True
27900926,2016,Netherlands,openalex_ror,Netherlands,0,openalex,True
27899371,2016,Sweden,openalex_ror,Sweden,60,openalex,True
30079709,2016,Unknown,no_affiliation,,0,openalex,True
30079708,2016,Unknown,no_affiliation,,0,openalex,True
27898982,2016,United Kingdom,openalex_ror,United Kingdom,32,openalex,True
27893524,2017,South Korea,openalex_ror,South Korea,16,openalex,True
27892757,2016,Brazil,openalex_ror,Brazil|Switzerland,69,openalex,True
27882004,2016,Palestine,openalex_ror,Palestine,9,openalex,True
27839604,2016,Turkey,openalex_ror,Turkey,35,openalex,True
27838594,2016,United States,openalex_ror,United States,124,openalex,True
27815790,2017,United States,openalex_ror,United States,6,openalex,True
27765574,2016,United Kingdom,openalex_ror,United Kingdom,39,openalex,True
27725199,2016,United States,openalex_ror,Greece|United States,30,openalex,True
27794469,2016,United Kingdom,openalex_ror,United Kingdom,34,openalex,True
27445064,2016,Turkey,openalex_ror,Turkey,47,openalex,True
27781383,2016,Iran,openalex_ror,Iran,63,openalex,True
27775234,2016,Turkey,openalex_ror,Turkey,38,openalex,True
27772645,2016,United States,openalex_ror,United States,36,openalex,True
27770837,2016,Greece,openalex_ror,France|Greece|Spain,9,openalex,True
27767357,2016,India,openalex_ror,India|Netherlands,5,openalex,True
27757009,2016,Egypt,openalex_ror,Egypt,24,openalex,True
26867998,2016,Sweden,openalex_ror,Sweden,59,openalex,True
27755188,2016,Germany,openalex_ror,France|Germany,6,openalex,True
27213687,2016,Netherlands,openalex_ror,Netherlands,178,openalex,True
27125863,2016,Switzerland,openalex_ror,Switzerland,20,openalex,True
27040458,2016,Japan,openalex_ror,Japan|Russia,132,openalex,True
27749500,2018,Egypt,openalex_ror,Egypt,11,openalex,True
27749450,2017,Turkey,openalex_ror,Turkey,3,openalex,True
27538196,2016,India,openalex_ror,India,4,openalex,True
27429089,2016,China,openalex_ror,China|United States,44,openalex,True
27310886,2016,Canada,openalex_ror,Canada,27,openalex,True
27741014,2016,Turkey,openalex_ror,Turkey,4,openalex,True
27741013,2016,Turkey,openalex_ror,Turkey,47,openalex,True
27732724,2016,India,openalex_ror,India|Netherlands|United States,116,openalex,True
27729752,2016,South Korea,openalex_ror,South Korea,12,openalex,True
27729309,2016,New Zealand,openalex_ror,New Zealand,52,openalex,True
27722758,2016,United States,openalex_ror,United States,31,openalex,True
27722754,2016,Unknown,no_affiliation,,60,openalex,True
27703804,2016,China,openalex_ror,China,0,openalex,True
27695286,2016,Italy,openalex_ror,Italy,60,openalex,True
27689082,2016,China,openalex_ror,China,16,openalex,True
27689081,2016,United Kingdom,openalex_ror,United Kingdom,18,openalex,True
27678078,2016,Ireland,openalex_ror,Ireland,80,openalex,True
27668869,2016,Unknown,no_affiliation,,27,openalex,True
27654998,2016,Turkey,openalex_ror,Turkey,20,openalex,True
27648049,2016,Pakistan,openalex_ror,Pakistan,21,openalex,True
27613085,2016,Brazil,openalex_ror,Brazil,9,openalex,True
27602074,2016,China,openalex_ror,China,34,openalex,True
27598733,2016,Unknown,no_affiliation,,24,openalex,True
27597895,2016,Italy,openalex_ror,Italy,26,openalex,True
27597655,2016,China,openalex_ror,China,46,openalex,True
27588260,2016,China,openalex_ror,China|Sweden|Taiwan,3,openalex,True
27584715,2016,Austria,openalex_ror,Austria|Romania,33,openalex,True
27583797,2017,Hong Kong,openalex_ror,Hong Kong,13,openalex,True
27547758,2016,Italy,openalex_ror,Italy|Poland|United Kingdom,22,openalex,True
27547022,2015,United States,openalex_ror,United States,49,openalex,True
27531114,2016,China,openalex_ror,China,4,openalex,True
27519149,2016,United Kingdom,openalex_ror,United Kingdom,1,openalex,True
27505314,2016,Unknown,no_affiliation,,62,openalex,True
27502494,2016,South Korea,openalex_ror,South Korea,18,openalex,True
27492112,2016,United Kingdom,affil_country_name,United Kingdom,4,openalex,True
27492108,2016,Spain,openalex_ror,Spain|United States,24,openalex,True
27492105,2016,New Zealand,openalex_ror,New Zealand,66,openalex,True
27492104,2016,Netherlands,openalex_ror,Netherlands,29,openalex,True
29715413,2016,Unknown,no_affiliation,,1,openalex,True
27463630,2016,Brazil,openalex_ror,Brazil,9,openalex,True
27463624,2016,Turkey,openalex_ror,Turkey,25,openalex,True
27463623,2016,Turkey,openalex_ror,Switzerland|Turkey,3,openalex,True
27458610,2016,United Kingdom,openalex_ror,United Kingdom,12,openalex,True
27456563,2016,Russia,openalex_ror,Azerbaijan|Russia,4,openalex,True
27452505,2015,Turkey,openalex_ror,Turkey,8,openalex,True
27420106,2016,Turkey,openalex_ror,Turkey,2,openalex,True
27409461,2016,United States,openalex_ror,United States,47,openalex,True
27400078,2016,Unknown,no_affiliation,,19,openalex,True
27400077,2016,Unknown,no_affiliation,,19,openalex,True
27388250,2016,United States,openalex_ror,United States,36,openalex,True
27382596,2016,China,openalex_ror,China|United Kingdom,84,openalex,True
29018727,2016,Iran,openalex_ror,Iran,11,openalex,True
27362877,2016,United States,openalex_ror,United States,68,openalex,True
27315291,2016,Switzerland,openalex_ror,Switzerland,13,openalex,True
27315289,2016,United States,openalex_ror,United States,7,openalex,True
27304605,2016,Unknown,no_affiliation,,18,openalex,True
27304600,2016,Unknown,no_affiliation,,46,openalex,True
27304598,2016,Unknown,no_affiliation,,10,openalex,True
27293413,2016,Mexico,openalex_ror,Mexico,45,openalex,True
27292531,2016,Switzerland,openalex_ror,Switzerland,12,openalex,True
27255259,2016,United Kingdom,affil_country_name,Greece|United Kingdom,22,openalex,True
27255251,2016,Hong Kong,openalex_ror,Hong Kong,24,openalex,True
27249007,2016,Turkey,openalex_ror,Turkey,20,openalex,True
27239334,2016,Hong Kong,openalex_ror,China|Hong Kong,27,openalex,True
27221268,2016,Italy,openalex_ror,Germany|Italy,4,openalex,True
27221267,2016,Netherlands,openalex_ror,Netherlands,38,openalex,True
27220229,2016,Unknown,no_affiliation,,11,openalex,True
27216990,2016,Turkey,affil_country_name,Azerbaijan|Turkey,3,openalex,True
27213796,2016,Russia,openalex_ror,Russia,1,openalex,True
27199574,2016,Colombia,openalex_ror,Colombia,28,openalex,True
27191671,2016,Spain,openalex_ror,Spain,28,openalex,True
27171133,2017,Turkey,openalex_ror,Turkey,14,openalex,True
27171132,2017,Australia,openalex_ror,Australia,46,openalex,True
27163622,2016,Unknown,no_affiliation,,4,openalex,True
27163618,2016,Unknown,no_affiliation,,35,openalex,True
27159267,2016,India,openalex_ror,India,19,openalex,True
27158609,2016,Netherlands,openalex_ror,Netherlands,24,openalex,True
27152484,2016,Japan,openalex_ror,Japan,22,openalex,True
27138638,2016,United States,openalex_ror,United States,21,openalex,True
27124776,2016,United Arab Emirates,openalex_ror,United Arab Emirates,37,openalex,True
27124315,2016,Greece,openalex_ror,Greece,7,openalex,True
27113884,2016,United States,openalex_ror,United States,44,openalex,True
27107347,2016,United States,openalex_ror,United States,1,openalex,True
27101750,2016,United Kingdom,openalex_ror,United Kingdom,1,openalex,True
27101748,2016,Netherlands,openalex_ror,Netherlands,7,openalex,True
27099467,2016,Azerbaijan,openalex_ror,Azerbaijan|Russia,8,openalex,True
27099464,2016,Greece,openalex_ror,Greece,6,openalex,True
27097560,2016,Turkey,openalex_ror,Turkey,27,openalex,True
27096139,2016,Switzerland,openalex_ror,Italy|Switzerland,90,openalex,True
27093581,2016,Italy,affil_country_name,Italy|Spain,19,openalex,True
27093101,2016,India,openalex_ror,India,87,openalex,True
27093100,2016,India,openalex_ror,Hong Kong|India,20,openalex,True
27084001,2016,Lebanon,openalex_ror,Lebanon,39,openalex,True
27070227,2016,Unknown,no_affiliation,,73,openalex,True
27063542,2016,Colombia,openalex_ror,Colombia,2,openalex,True
27063528,2016,Ireland,openalex_ror,Ireland,8,openalex,True
27055493,2016,Germany,openalex_ror,Germany|Switzerland,5,openalex,True
27055212,2016,Switzerland,openalex_ror,Switzerland,57,openalex,True
27051478,2015,Iran,openalex_ror,Iran,14,openalex,True
27046119,2016,United Kingdom,openalex_ror,United Kingdom,45,openalex,True
27041991,2016,Egypt,openalex_ror,Egypt,30,openalex,True
27032020,2016,Hungary,openalex_ror,Brazil|Hungary,28,openalex,True
27027921,2016,Netherlands,openalex_ror,Netherlands,95,openalex,True
27027920,2016,India,openalex_ror,India,27,openalex,True
27027668,2016,Turkey,openalex_ror,Turkey|United Kingdom,10,openalex,True
27027629,2016,Unknown,no_affiliation,,67,openalex,True
27016125,2016,United States,openalex_ror,United States,87,openalex,True
27012841,2016,Spain,openalex_ror,Germany|Italy|Spain,20,openalex,True
26995077,2016,France,openalex_ror,France,4,openalex,True
26989958,2016,Italy,openalex_ror,Italy,19,openalex,True
26973847,2016,United States,openalex_ror,United States,213,openalex,True
26968734,2016,Unknown,no_affiliation,,4,openalex,True
26968733,2016,Spain,openalex_ror,Spain|United States,47,openalex,True
26957859,2016,United Arab Emirates,openalex_ror,Lebanon|United Arab Emirates,14,openalex,True
26957852,2016,Egypt,openalex_ror,Egypt,13,openalex,True
26949660,2016,China,openalex_ror,China,6,openalex,True
26949133,2016,Thailand,openalex_ror,Thailand,47,openalex,True
26944278,2016,Switzerland,openalex_ror,Germany|Switzerland,155,openalex,True
26930843,2015,Unknown,no_affiliation,,0,openalex,True
26925536,2017,Turkey,openalex_ror,Turkey,38,openalex,True
26909354,2016,Greece,openalex_ror,Greece|Philippines,14,openalex,True
26896122,2016,Greece,openalex_ror,Greece,68,openalex,True
26888977,2016,Australia,openalex_ror,Australia,26,openalex,True
26885378,2016,Egypt,openalex_ror,Egypt|Greece,5,openalex,True
26882478,2016,Italy,affil_country_name,Italy|United Kingdom,41,openalex,True
26874165,2016,Canada,openalex_ror,Canada,1,openalex,True
26868750,2016,Italy,openalex_ror,Italy,36,openalex,True
26858842,2015,Italy,openalex_ror,Italy|Slovenia,26,openalex,True
26856432,2016,Unknown,unresolved,,1,openalex,True
26845871,2015,Russia,openalex_ror,Russia,8,openalex,True
26845317,2016,Greece,openalex_ror,Greece,23,openalex,True
26833233,2016,Greece,openalex_ror,Greece|Italy,1,openalex,True
26833230,2016,Greece,openalex_ror,Greece,9,openalex,True
26832733,2016,Germany,openalex_ror,Germany|Switzerland,21,openalex,True
26812719,2016,Unknown,no_affiliation,,13,openalex,True
26812716,2016,Unknown,no_affiliation,,40,openalex,True
26812714,2016,Unknown,no_affiliation,,10,openalex,True
26812713,2016,Unknown,no_affiliation,,21,openalex,True
26812712,2016,Unknown,no_affiliation,,15,openalex,True
26807905,2016,United States,openalex_ror,United States,8,openalex,True
26780316,2016,United States,openalex_ror,United States,26,openalex,True
26766395,2016,Switzerland,openalex_ror,Switzerland,17,openalex,True
26756018,2015,Spain,openalex_ror,Iran|Spain,3,openalex,True
26751992,2016,Turkey,openalex_ror,Turkey,14,openalex,True
26751990,2016,Israel,openalex_ror,Israel,115,openalex,True
26751988,2016,Turkey,openalex_ror,Turkey|United States,21,openalex,True
26730652,2016,United States,openalex_ror,United States,34,openalex,True
29297630,2016,Unknown,no_affiliation,,32,openalex,True
28983498,2016,United States,openalex_ror,United States,32,openalex,True
28397423,2016,Poland,openalex_ror,Poland,4,openalex,True
26704375,2015,Italy,openalex_ror,Italy,41,openalex,True
26703505,2015,Italy,openalex_ror,Italy,85,openalex,True
26703503,2015,United States,openalex_ror,Brazil|United States,27,openalex,True
26703306,2015,Italy,openalex_ror,Italy,18,openalex,True
26703292,2015,Austria,openalex_ror,Austria|Germany,41,openalex,True
26693657,2015,China,openalex_ror,China,0,openalex,True
26693653,2015,China,openalex_ror,China,3,openalex,True
26693470,2015,Iran,openalex_ror,Iran,18,openalex,True
26678902,2015,Germany,openalex_ror,Germany|Switzerland,7,openalex,True
26670827,2015,United Kingdom,openalex_ror,United Kingdom,38,openalex,True
26665102,2015,Italy,openalex_ror,Italy,108,openalex,True
26659714,2015,United Kingdom,openalex_ror,United Kingdom,71,openalex,True
26655487,2016,Turkey,openalex_ror,Turkey,14,openalex,True
26655483,2016,Turkey,openalex_ror,Turkey,67,openalex,True
26653730,2015,Unknown,no_affiliation,,92,openalex,True
26650390,2015,France,openalex_ror,France,30,openalex,True
26644282,2015,Turkey,openalex_ror,Turkey|United Kingdom,28,openalex,True
26622139,2015,India,affil_country_name,India,14,openalex,True
26622134,2015,Iran,openalex_ror,Iran,20,openalex,True
26622133,2015,India,openalex_ror,India,28,openalex,True
26622089,2015,Bosnia and Herzegovina,openalex_ror,Bosnia and Herzegovina|Serbia,12,openalex,True
26619384,2016,Israel,openalex_ror,Israel,10,openalex,True
26614391,2015,Israel,openalex_ror,Israel,41,openalex,True
26606293,2016,Italy,openalex_ror,Italy|Morocco|United States,50,openalex,True
26605368,2015,Norway,openalex_ror,Norway,46,openalex,True
26605237,2015,Iran,openalex_ror,Iran,5,openalex,True
26603410,2015,India,openalex_ror,India,78,openalex,True
26603408,2015,United Kingdom,openalex_ror,United Kingdom,62,openalex,True
26586973,2015,Saudi Arabia,openalex_ror,Ireland|Saudi Arabia,21,openalex,True
26562763,2016,Norway,openalex_ror,Italy|Norway|Sweden,49,openalex,True
26555591,2016,Canada,openalex_ror,Canada,32,openalex,True
26542679,2015,France,openalex_ror,France,10,openalex,True
26509768,2016,Greece,openalex_ror,Greece,174,openalex,True
26509764,2016,United States,openalex_ror,United States,6,openalex,True
26509077,2015,China,openalex_ror,China,3,openalex,True
26499330,2015,United States,openalex_ror,United States,25,openalex,True
26491663,2015,Lebanon,openalex_ror,Lebanon|United Arab Emirates,41,openalex,True
26489126,2015,Russia,openalex_ror,Russia,9,openalex,True
26483144,2016,Germany,openalex_ror,Germany,31,openalex,True
26476968,2015,Ireland,openalex_ror,Ireland,67,openalex,True
26465887,2015,Switzerland,openalex_ror,Switzerland|United States,27,openalex,True
26433126,2015,Australia,openalex_ror,Australia,2,openalex,True
26432132,2015,Turkey,openalex_ror,Turkey,30,openalex,True
26425312,2015,Iran,openalex_ror,Iran,10,openalex,True
26421680,2015,United Kingdom,openalex_ror,United Kingdom,41,openalex,True
26415316,2015,Unknown,no_affiliation,,8,openalex,True
26404661,2015,Hong Kong,openalex_ror,Hong Kong,105,openalex,True
26382901,2015,Hong Kong,openalex_ror,Hong Kong,38,openalex,True
26381468,2015,Hong Kong,openalex_ror,Canada|Hong Kong,12,openalex,True
26378758,2015,Italy,openalex_ror,Italy,4,openalex,True
26366293,2015,Egypt,openalex_ror,Egypt,15,openalex,True
26356752,2015,Germany,openalex_ror,Germany,51,openalex,True
26356750,2015,Egypt,openalex_ror,Egypt,23,openalex,True
26355273,2016,United States,openalex_ror,United States,16,openalex,True
26352567,2015,Unknown,no_affiliation,,43,openalex,True
26345527,2015,United Kingdom,openalex_ror,Greece|United Kingdom,12,openalex,True
26325412,2015,Austria,openalex_ror,Austria,0,openalex,True
26325411,2015,Unknown,no_affiliation,,9,openalex,True
26325407,2015,United States,openalex_ror,Saudi Arabia|United States,18,openalex,True
26324416,2015,Iran,openalex_ror,Iran,4,openalex,True
26322421,2015,Unknown,no_affiliation,,3,openalex,True
26315704,2015,United Kingdom,openalex_ror,United Kingdom,41,openalex,True
26314662,2015,Iran,openalex_ror,Iran|Switzerland,107,openalex,True
26312777,2015,Sweden,openalex_ror,Sweden,15,openalex,True
26309866,2015,China,openalex_ror,China|France,17,openalex,True
26307513,2015,United Kingdom,openalex_ror,United Kingdom,149,openalex,True
26287881,2015,Greece,openalex_ror,Greece,82,openalex,True
26287880,2015,Turkey,openalex_ror,Turkey,59,openalex,True
26266436,2015,Saudi Arabia,openalex_ror,Colombia|Saudi Arabia,73,openalex,True
26266434,2015,Switzerland,openalex_ror,Switzerland,14,openalex,True
26253458,2015,Italy,openalex_ror,Italy,10,openalex,True
26252742,2015,Israel,openalex_ror,Israel,32,openalex,True
26252741,2015,India,openalex_ror,India,117,openalex,True
26243519,2015,Germany,openalex_ror,Germany,16,openalex,True
26236938,2015,Germany,openalex_ror,Germany,7,openalex,True
26230765,2015,United Kingdom,openalex_ror,United Kingdom,43,openalex,True
26226468,2015,Turkey,openalex_ror,Turkey,13,openalex,True
26221538,2015,India,openalex_ror,India,50,openalex,True
26215873,2015,Switzerland,openalex_ror,Switzerland,20,openalex,True
26211030,2015,Unknown,no_affiliation,,2,openalex,True
26201362,2015,Unknown,no_affiliation,,1,openalex,True
26194634,2015,Germany,openalex_ror,Germany,68,openalex,True
26189651,2015,Russia,openalex_ror,Russia|Switzerland,22,openalex,True
26189400,2015,Colombia,affil_country_name,Colombia,7,openalex,True
26187888,2015,Turkey,affil_country_name,Turkey,21,openalex,True
26180483,2015,Saudi Arabia,openalex_ror,Saudi Arabia,41,openalex,True
26180474,2015,Iran,openalex_ror,Iran,40,openalex,True
26165788,2015,Switzerland,openalex_ror,Switzerland,70,openalex,True
26160699,2015,United Kingdom,openalex_ror,Switzerland|United Kingdom,27,openalex,True
26158932,2015,Unknown,no_affiliation,,1,openalex,True
26149969,2015,France,openalex_ror,France,49,openalex,True
26142059,2015,Italy,openalex_ror,Greece|India|Italy|Switzerland|United States,160,openalex,True
26140309,2015,Hong Kong,openalex_ror,China|Hong Kong,107,openalex,True
26126201,2015,United States,openalex_ror,United States,33,openalex,True
26126127,2015,Palestine,openalex_ror,Palestine|United Kingdom,11,openalex,True
26114829,2015,New Zealand,openalex_ror,New Zealand,137,openalex,True
26114820,2015,Iran,openalex_ror,Iran,7,openalex,True
26107982,2014,China,openalex_ror,China,2,openalex,True
26105541,2014,Italy,openalex_ror,Italy,81,openalex,True
26104589,2015,Australia,openalex_ror,Australia,167,openalex,True
26093276,2015,United States,openalex_ror,Colombia|United States,52,openalex,True
26085993,2015,China,openalex_ror,China,1,openalex,True
26078898,2015,Turkey,openalex_ror,Turkey,25,openalex,True
26075457,2015,Hong Kong,openalex_ror,Hong Kong,44,openalex,True
26075452,2015,Turkey,openalex_ror,Turkey,10,openalex,True
26064737,2015,Croatia,openalex_ror,Croatia,0,openalex,True
26059667,2015,Ireland,openalex_ror,Ireland,55,openalex,True
26058024,2015,United States,openalex_ror,United States,25,openalex,True
26057328,2015,Greece,openalex_ror,Greece,28,openalex,True
26047045,2015,Austria,openalex_ror,Austria,15,openalex,True
26046710,2015,Unknown,no_affiliation,,40,openalex,True
26046709,2015,Unknown,no_affiliation,,18,openalex,True
26046705,2015,Unknown,no_affiliation,,53,openalex,True
26046704,2015,Unknown,no_affiliation,,47,openalex,True
26044373,2015,Greece,openalex_ror,Greece,4,openalex,True
26011972,2014,Unknown,no_affiliation,,16,openalex,True
26011965,2014,Unknown,no_affiliation,,0,openalex,True
26008626,2015,India,openalex_ror,India|Netherlands,201,openalex,True
26005557,2015,Switzerland,openalex_ror,Switzerland,55,openalex,True
26005547,2015,Iran,openalex_ror,Iran,21,openalex,True
26005256,2015,Bosnia and Herzegovina,openalex_ror,Bosnia and Herzegovina|Serbia,13,openalex,True
25997682,2015,France,openalex_ror,France,10,openalex,True
25990098,2015,Hong Kong,openalex_ror,Hong Kong,36,openalex,True
25985208,2015,China,openalex_ror,China,59,openalex,True
25980780,2015,United States,openalex_ror,Switzerland|United States,92,openalex,True
25970434,2015,Norway,openalex_ror,Norway,131,openalex,True
25959108,2015,United States,openalex_ror,United States,21,openalex,True
25953473,2015,Austria,openalex_ror,Austria,62,openalex,True
25953470,2015,India,openalex_ror,India,90,openalex,True
25949993,2015,Greece,openalex_ror,Greece|United States,5,openalex,True
25949080,2015,Iran,openalex_ror,Iran,42,openalex,True
25945526,2015,Brazil,openalex_ror,Brazil,45,openalex,True
25945339,2015,India,openalex_ror,India|Netherlands,16,openalex,True
25941959,2015,India,openalex_ror,India,11,openalex,True
25938065,2015,China,openalex_ror,China,61,openalex,True
25927173,2015,Germany,openalex_ror,Germany,3,openalex,True
25922758,2015,China,openalex_ror,China,34,openalex,True
25922227,2015,France,openalex_ror,France,8,openalex,True
25918965,2015,Turkey,openalex_ror,Turkey,20,openalex,True
25887295,2015,United States,openalex_ror,United States,22,openalex,True
25878894,2015,Germany,openalex_ror,Germany|Greece|United Arab Emirates|United States,5,openalex,True
25874118,2015,Lebanon,openalex_ror,Lebanon|United Arab Emirates,56,openalex,True
25874116,2015,Lebanon,openalex_ror,Lebanon|United Arab Emirates,46,openalex,True
25870865,2015,Unknown,no_affiliation,,,,False
25866692,2015,Italy,openalex_ror,Italy,13,openalex,True
25863855,2015,Palestine,openalex_ror,Pakistan|Palestine,14,openalex,True
25856866,2015,Unknown,no_affiliation,,5,openalex,True
25853948,2015,Germany,openalex_ror,Germany,10,openalex,True
25853446,2015,United Kingdom,openalex_ror,United Kingdom,18,openalex,True
25850703,2015,Australia,openalex_ror,Australia,31,openalex,True
25841317,2015,India,openalex_ror,India|United States,107,openalex,True
25840310,2015,Unknown,no_affiliation,,6,openalex,True
25840308,2015,United Kingdom,openalex_ror,United Kingdom|United States,136,openalex,True
25839343,2015,New Zealand,openalex_ror,Australia|New Zealand,26,openalex,True
25837511,2015,Canada,openalex_ror,Canada,11,openalex,True
25834386,2015,Italy,openalex_ror,Italy,63,openalex,True
25830534,2015,Italy,openalex_ror,Italy,30,openalex,True
25827548,2015,Iran,openalex_ror,Iran,22,openalex,True
25811728,2015,Greece,openalex_ror,Greece,29,openalex,True
25811721,2015,Greece,openalex_ror,Greece,16,openalex,True
25804584,2015,Italy,openalex_ror,Italy,17,openalex,True
25804580,2015,Iran,openalex_ror,Iran,93,openalex,True
25803325,2015,United Kingdom,openalex_ror,United Kingdom,136,openalex,True
25802831,2015,Iran,openalex_ror,Iran,6,openalex,True
25802821,2015,Iran,openalex_ror,Iran,14,openalex,True
25795914,2015,Greece,openalex_ror,Greece|United States,29,openalex,True
25794329,2015,Turkey,openalex_ror,Turkey,45,openalex,True
25789695,2015,Italy,openalex_ror,Italy,65,openalex,True
25784110,2015,United States,openalex_ror,United States,15,openalex,True
25768385,2015,Germany,openalex_ror,Germany,10,openalex,True
25763117,2015,Greece,openalex_ror,Greece,4,openalex,True
25760913,2015,Turkey,openalex_ror,Turkey,7,openalex,True
25751841,2015,Unknown,no_affiliation,,8,openalex,True
25738235,2015,Singapore,openalex_ror,Brazil|France|India|Japan|Singapore|Spain|United States,1149,openalex,True
25735044,2015,Unknown,no_affiliation,,20,openalex,True
25715551,2014,Unknown,no_affiliation,,2,openalex,True
25710507,2015,Iran,openalex_ror,Iran,79,openalex,True
25709915,2015,China,openalex_ror,China,12,openalex,True
25709779,2014,Iran,openalex_ror,Iran,13,openalex,True
25709385,2015,Greece,openalex_ror,Greece,18,openalex,True
25709267,2015,India,openalex_ror,India,50,openalex,True
25708282,2015,India,openalex_ror,India,55,openalex,True
25704532,2015,United States,openalex_ror,United States,17,openalex,True
25703475,2015,Netherlands,openalex_ror,Netherlands,202,openalex,True
25699261,2015,Germany,openalex_ror,China|Germany,22,openalex,True
25695420,2015,Turkey,openalex_ror,Turkey,3,openalex,True
25686063,2015,India,openalex_ror,India,72,openalex,True
25682565,2015,Romania,openalex_ror,Romania,9,openalex,True
25661137,2015,Turkey,openalex_ror,Turkey,4,openalex,True
25651497,2015,Greece,openalex_ror,Greece,9,openalex,True
25649258,2015,Iran,openalex_ror,Iran,8,openalex,True
25648281,2015,Italy,openalex_ror,Italy,23,openalex,True
25640231,2014,Unknown,no_affiliation,,2,openalex,True
25638310,2015,China,openalex_ror,China,14,openalex,True
25637236,2015,France,openalex_ror,France,8,openalex,True
25634979,2015,United States,openalex_ror,United States,27,openalex,True
25629044,2015,Poland,openalex_ror,Poland,51,openalex,True
25616392,2015,Iran,openalex_ror,Iran,3,openalex,True
25599547,2015,Unknown,no_affiliation,,8,openalex,True
25599541,2015,Unknown,no_affiliation,,37,openalex,True
25599340,2015,Netherlands,openalex_ror,Netherlands,23,openalex,True
25597238,2014,United States,openalex_ror,Russia|United States,3,openalex,True
25588591,2014,Singapore,affil_country_name,Singapore|United Kingdom,34,openalex,True
25546828,2015,Netherlands,openalex_ror,Netherlands,14,openalex,True
25545947,2015,New Zealand,openalex_ror,New Zealand,157,openalex,True
25542349,2014,Italy,openalex_ror,Italy,62,openalex,True
25540746,2014,Turkey,openalex_ror,Turkey,6,openalex,True
25538907,2014,Iran,openalex_ror,Iran,34,openalex,True
25533559,2014,China,openalex_ror,China,7,openalex,True
25533553,2014,China,openalex_ror,China,4,openalex,True
25532666,2015,United States,openalex_ror,United States,3,openalex,True
25532662,2015,Turkey,affil_country_name,Turkey,1,openalex,True
25532633,2015,Czechia,openalex_ror,Czechia,428,openalex,True
25514703,2015,Brazil,openalex_ror,Brazil,15,openalex,True
25506204,2014,United States,openalex_ror,Greece|United States,23,openalex,True
25503903,2015,Singapore,openalex_ror,Singapore,29,openalex,True
25494378,2014,Brazil,openalex_ror,Brazil,19,openalex,True
25488945,2014,India,openalex_ror,India|Netherlands,26,openalex,True
25488640,2015,United States,openalex_ror,United States,3,openalex,True
25485145,2014,Turkey,openalex_ror,Turkey,40,openalex,True
25484904,2014,Turkey,openalex_ror,Turkey,10,openalex,True
25475237,2014,France,openalex_ror,France,13,openalex,True
25474235,2015,Italy,openalex_ror,Italy,24,openalex,True
25473264,2014,Greece,openalex_ror,Greece,58,openalex,True
25473258,2014,Greece,openalex_ror,Greece,5,openalex,True
25468892,2014,Switzerland,openalex_ror,Switzerland,81,openalex,True
25468492,2014,France,openalex_ror,France,4,openalex,True
25465683,2014,United States,openalex_ror,United States,51,openalex,True
25461261,2014,India,openalex_ror,India|Netherlands,40,openalex,True
25459466,2014,India,openalex_ror,India,6,openalex,True
25455548,2014,Turkey,openalex_ror,Turkey,2,openalex,True
25454676,2014,United Kingdom,affil_country_name,Germany|United Kingdom,13,openalex,True
25442903,2014,France,affil_country_name,France,5,openalex,True
25437486,2014,Unknown,no_affiliation,,55,openalex,True
25437485,2014,Unknown,no_affiliation,,75,openalex,True
25437484,2014,Unknown,no_affiliation,,96,openalex,True
25437483,2014,Unknown,no_affiliation,,87,openalex,True
25435381,2014,United Kingdom,openalex_ror,United Kingdom,36,openalex,True
25408955,2014,United States,openalex_ror,United States,48,openalex,True
25402571,2014,Switzerland,openalex_ror,Switzerland,9,openalex,True
25397786,2014,United Kingdom,affil_country_name,United Kingdom,0,openalex,True
25397781,2014,United Kingdom,openalex_ror,United Kingdom,3,openalex,True
25392046,2014,Italy,openalex_ror,Italy|Spain,56,openalex,True
25386909,2014,Germany,openalex_ror,Germany,58,openalex,True
25379872,2015,Canada,affil_country_name,Canada,,,False
25379871,2015,Greece,openalex_ror,Greece,2,openalex,True
25375847,2014,Italy,openalex_ror,Italy|United States,112,openalex,True
25375844,2014,Unknown,no_affiliation,,3,openalex,True
25375843,2014,Unknown,no_affiliation,,7,openalex,True
25365552,2014,United States,openalex_ror,United States,46,openalex,True
25365551,2014,Saudi Arabia,openalex_ror,India|Saudi Arabia|United States,37,openalex,True
25363654,2014,Italy,openalex_ror,Italy,26,openalex,True
25363069,2014,Turkey,openalex_ror,Turkey,3,openalex,True
25352122,2014,France,openalex_ror,France,102,openalex,True
25349796,2014,Saudi Arabia,openalex_ror,Australia|Saudi Arabia,25,openalex,True
25343263,2014,United States,openalex_ror,United States,29,openalex,True
25332832,2014,Germany,openalex_ror,Germany,24,openalex,True
25325898,2014,Unknown,no_affiliation,,69,openalex,True
25320958,2014,United States,openalex_ror,United States,36,openalex,True
25320957,2014,United States,openalex_ror,United States,33,openalex,True
25320956,2014,Canada,openalex_ror,Canada,13,openalex,True
25320955,2014,United Kingdom,openalex_ror,United Kingdom,14,openalex,True
25320954,2014,United States,openalex_ror,United States,100,openalex,True
25302296,2014,India,openalex_ror,India|Netherlands,70,openalex,True
25295910,2014,Brazil,openalex_ror,Brazil,7,openalex,True
25295278,2014,India,openalex_ror,India|Netherlands,94,openalex,True
25291756,2014,Switzerland,openalex_ror,Switzerland,24,openalex,True
25291752,2014,Unknown,no_affiliation,,32,openalex,True
25277300,2014,United Kingdom,openalex_ror,United Kingdom|United States,112,openalex,True
25276786,2014,Italy,openalex_ror,Germany|Italy,40,openalex,True
25276451,2014,Greece,openalex_ror,Greece,0,openalex,True
25276417,2014,Czechia,openalex_ror,Czechia,17,openalex,True
25272085,2014,Germany,openalex_ror,Germany,5,openalex,True
25263041,2014,Italy,openalex_ror,Italy,57,openalex,True
25262564,2014,Australia,openalex_ror,Australia,22,openalex,True
25250420,2014,Switzerland,openalex_ror,Switzerland,16,openalex,True
25215226,2014,Brazil,openalex_ror,Brazil,13,openalex,True
25211359,2014,Turkey,openalex_ror,Turkey,36,openalex,True
25197657,2014,China,openalex_ror,China,16,openalex,True
25197559,2014,Germany,openalex_ror,Germany|United States,27,openalex,True
25176050,2014,Greece,openalex_ror,Greece,46,openalex,True
25176049,2014,Turkey,openalex_ror,Turkey,62,openalex,True
25172670,2014,Italy,openalex_ror,Italy,38,openalex,True
25171564,2014,Sweden,openalex_ror,Sweden,22,openalex,True
25170581,2014,Greece,openalex_ror,Greece,79,openalex,True
25165576,2014,Italy,openalex_ror,Italy,137,openalex,True
25162621,2014,Switzerland,openalex_ror,Germany|Switzerland,15,openalex,True
25138761,2014,Canada,openalex_ror,Canada,34,openalex,True
25135549,2014,Greece,openalex_ror,Greece,12,openalex,True
25135535,2014,Greece,openalex_ror,Greece,81,openalex,True
25135534,2014,United Arab Emirates,openalex_ror,United Arab Emirates,47,openalex,True
25134461,2015,Germany,openalex_ror,Germany,32,openalex,True
25120349,2014,Egypt,openalex_ror,Egypt,69,openalex,True
25114495,2014,Italy,openalex_ror,Italy|SM,60,openalex,True
25104740,2014,United Kingdom,openalex_ror,United Kingdom,37,openalex,True
25088634,2014,Greece,openalex_ror,Greece,46,openalex,True
25076897,2014,Greece,openalex_ror,Greece|United States,53,openalex,True
25076470,2014,Brazil,openalex_ror,Brazil,5,openalex,True
25070527,2014,India,openalex_ror,Australia|India,80,openalex,True
25070292,2014,China,openalex_ror,China,33,openalex,True
25063407,2014,United States,openalex_ror,United States,15,openalex,True
25060851,2014,Greece,openalex_ror,Greece|United States,5,openalex,True
25060847,2014,Italy,openalex_ror,Italy,127,openalex,True
25055145,2014,India,openalex_ror,India,51,openalex,True
25054144,2014,Italy,openalex_ror,Italy,45,openalex,True
25052995,2014,Switzerland,openalex_ror,Switzerland,23,openalex,True
25050368,2014,Norway,openalex_ror,Norway,70,openalex,True
25048986,2014,United Kingdom,openalex_ror,United Kingdom,14,openalex,True
25034113,2014,Greece,openalex_ror,Greece,94,openalex,True
25025990,2014,Greece,openalex_ror,Greece,12,openalex,True
25022733,2014,Australia,openalex_ror,Australia,22,openalex,True
25015213,2014,Greece,openalex_ror,Greece,5,openalex,True
25014154,2014,India,openalex_ror,India,28,openalex,True
25014151,2014,United States,openalex_ror,United States,43,openalex,True
25014143,2014,Greece,openalex_ror,Greece,41,openalex,True
25013757,2014,Australia,openalex_ror,Australia,37,openalex,True
25007895,2014,China,openalex_ror,China,66,openalex,True
25004773,2014,Unknown,no_affiliation,,1,openalex,True
25000866,2014,United Kingdom,openalex_ror,United Kingdom,91,openalex,True
24999102,2014,United Kingdom,openalex_ror,United Kingdom,40,openalex,True
24983827,2014,Unknown,no_affiliation,,107,openalex,True
24980419,2014,Egypt,openalex_ror,Egypt,18,openalex,True
24979260,2014,Turkey,openalex_ror,Turkey,20,openalex,True
24972407,2014,Unknown,no_affiliation,Italy,99,openalex,True
24972403,2014,Unknown,no_affiliation,,154,openalex,True
24961090,2013,Unknown,no_affiliation,,1,openalex,True
24940760,2014,Switzerland,openalex_ror,Switzerland,13,openalex,True
24937167,2014,Canada,openalex_ror,Canada,104,openalex,True
24929203,2014,United States,openalex_ror,Brazil|India|United States,47,openalex,True
24928133,2014,United Kingdom,openalex_ror,United Kingdom,69,openalex,True
24917136,2014,Switzerland,openalex_ror,Austria|Switzerland,35,openalex,True
24908420,2014,Greece,openalex_ror,Greece,13,openalex,True
24893359,2014,Unknown,no_affiliation,,22,openalex,True
24892379,2014,Unknown,no_affiliation,,106,openalex,True
24892378,2014,Switzerland,openalex_ror,Switzerland,19,openalex,True
24878307,2014,Italy,openalex_ror,Italy,14,openalex,True
24878254,2014,Israel,openalex_ror,Israel,6,openalex,True
24877005,2014,United States,openalex_ror,United States,95,openalex,True
24874297,2014,Turkey,openalex_ror,Turkey,11,openalex,True
24857443,2014,United States,openalex_ror,Japan|United States,93,openalex,True
24857442,2014,Japan,openalex_ror,China|Japan,234,openalex,True
24857441,2014,China,openalex_ror,China,56,openalex,True
24847258,2014,Italy,openalex_ror,Italy,18,openalex,True
24838866,2014,Unknown,no_affiliation,,0,openalex,True
24837577,2014,United States,openalex_ror,United States,11,openalex,True
24816208,2014,Unknown,no_affiliation,,44,openalex,True
24812488,2014,Egypt,openalex_ror,Egypt,24,openalex,True
24807066,2014,United States,openalex_ror,United States,18,openalex,True
24807064,2014,China,openalex_ror,China,60,openalex,True
24792103,2014,United States,openalex_ror,United States,126,openalex,True
24790876,2014,Hungary,openalex_ror,Hungary,9,openalex,True
24790859,2014,China,openalex_ror,China,9,openalex,True
24788604,2014,Germany,openalex_ror,Germany,1,openalex,True
24788019,2014,United Kingdom,affil_country_name,United Kingdom,,,False
24788014,2014,United Kingdom,openalex_ror,United Kingdom,13,openalex,True
24788010,2014,Italy,openalex_ror,Italy|United Kingdom,3,openalex,True
24774009,2014,United States,openalex_ror,United States,404,openalex,True
24768762,2014,China,affil_country_name,China|United States,24,openalex,True
24767795,2014,United States,openalex_ror,United States,44,openalex,True
24767794,2014,United States,openalex_ror,United States,53,openalex,True
24766510,2014,Australia,openalex_ror,Australia,1,openalex,True
24763478,2014,Unknown,no_affiliation,,75,openalex,True
24763473,2014,Unknown,no_affiliation,,144,openalex,True
24762606,2014,China,openalex_ror,China,2,openalex,True
24751584,2014,Israel,openalex_ror,Israel,1798,openalex,True
24751145,2014,United States,openalex_ror,United States,24,openalex,True
24741289,2014,Greece,openalex_ror,Greece,39,openalex,True
24730252,2014,Unknown,no_affiliation,,37,openalex,True
24722697,2014,United States,openalex_ror,United States,38,openalex,True
24713424,2014,Iran,openalex_ror,Iran,2,openalex,True
24711659,2014,India,openalex_ror,India,76,openalex,True
24708090,2014,Hungary,openalex_ror,Hungary,11,openalex,True
24702582,2014,Unknown,no_affiliation,,26,openalex,True
24702581,2014,Unknown,no_affiliation,,19,openalex,True
24702579,2014,Unknown,no_affiliation,,26,openalex,True
24702578,2014,Unknown,no_affiliation,,21,openalex,True
24699560,2014,Turkey,openalex_ror,Turkey,20,openalex,True
24679451,2014,Turkey,openalex_ror,Turkey,54,openalex,True
24677109,2014,Switzerland,openalex_ror,Germany|Switzerland,242,openalex,True
24669149,2014,Germany,openalex_ror,Cameroon|Germany,12,openalex,True
24667860,2014,United States,openalex_ror,France|United States,36,openalex,True
24667859,2014,Italy,openalex_ror,Italy,44,openalex,True
24644056,2014,United Kingdom,openalex_ror,United Kingdom,34,openalex,True
24644053,2016,France,openalex_ror,France|Germany,108,openalex,True
24634883,2014,China,openalex_ror,China,13,openalex,True
24630796,2014,Greece,openalex_ror,Greece,119,openalex,True
24628999,2014,Sweden,openalex_ror,Sweden,11,openalex,True
24625376,2014,Switzerland,openalex_ror,Switzerland,22,openalex,True
24622298,2014,Greece,openalex_ror,Greece,68,openalex,True
24619171,2014,Egypt,openalex_ror,Egypt,48,openalex,True
24582997,2014,Italy,openalex_ror,Italy,39,openalex,True
24576886,2014,Egypt,openalex_ror,Egypt|Switzerland|United Kingdom,224,openalex,True
24571684,2014,Turkey,openalex_ror,Turkey,7,openalex,True
24568723,2014,Netherlands,openalex_ror,Netherlands,24,openalex,True
24519426,2014,France,openalex_ror,France|United States,53,openalex,True
24513358,2014,Israel,openalex_ror,Israel|United States,48,openalex,True
24513095,2014,Turkey,openalex_ror,Turkey,23,openalex,True
24508795,2014,Palestine,openalex_ror,Palestine|United Kingdom,29,openalex,True
24498254,2014,Germany,openalex_ror,Germany,64,openalex,True
24497860,2013,Iran,openalex_ror,Iran,8,openalex,True
24474377,2014,Italy,openalex_ror,Italy|Spain,31,openalex,True
24457455,2014,Greece,openalex_ror,Greece,20,openalex,True
24457453,2014,Germany,openalex_ror,Germany,24,openalex,True
24455365,2013,Turkey,openalex_ror,Turkey,15,openalex,True
24452218,2014,Germany,openalex_ror,Germany,14,openalex,True
24452209,2014,Australia,openalex_ror,Australia|India,36,openalex,True
24445720,2014,Germany,openalex_ror,Germany,58,openalex,True
24433691,2013,China,openalex_ror,China,4,openalex,True
24433690,2013,China,openalex_ror,China,2,openalex,True
24404663,2013,China,openalex_ror,China,4,openalex,True
24404606,2013,Unknown,no_affiliation,,27,openalex,True
24393351,2014,Australia,openalex_ror,Australia,716,openalex,True
24391374,2013,Germany,openalex_ror,Germany,4,openalex,True
24386903,2014,India,openalex_ror,India,3,openalex,True
24373539,2013,Switzerland,openalex_ror,Switzerland,32,openalex,True
24368629,2013,India,openalex_ror,India,13,openalex,True
24355744,2014,Spain,affil_country_name,Spain,2,openalex,True
24355726,2014,Portugal,openalex_ror,Portugal,16,openalex,True
24355444,2013,Spain,openalex_ror,Portugal|Spain,54,openalex,True
24349884,2013,Switzerland,openalex_ror,Switzerland,259,openalex,True
24342889,2014,Canada,openalex_ror,Canada,27,openalex,True
24322797,2014,Ireland,openalex_ror,Ireland,34,openalex,True
24321474,2013,Italy,openalex_ror,Italy,124,openalex,True
24307631,2013,Unknown,no_affiliation,,5,openalex,True
24288393,2013,United Kingdom,openalex_ror,United Kingdom,25,openalex,True
24286850,2013,Greece,affil_country_name,Greece,40,openalex,True
24278090,2013,Greece,openalex_ror,Greece,8,openalex,True
24257538,2013,Germany,openalex_ror,Germany,42,openalex,True
24242218,2013,Lebanon,openalex_ror,Lebanon|United Arab Emirates,28,openalex,True
24240878,2015,India,openalex_ror,India,8,openalex,True
24240489,2014,China,openalex_ror,China,16,openalex,True
24222809,2013,Greece,openalex_ror,Greece,16,openalex,True
24211861,2013,Netherlands,openalex_ror,Netherlands,59,openalex,True
24205928,2013,France,openalex_ror,France,0,openalex,True
24200235,2013,Greece,openalex_ror,Greece,76,openalex,True
24183340,2013,New Zealand,openalex_ror,New Zealand,88,openalex,True
24172067,2013,Turkey,openalex_ror,Turkey,30,openalex,True
24170589,2013,Greece,openalex_ror,Greece,29,openalex,True
24168788,2013,Unknown,no_affiliation,,70,openalex,True
24162747,2014,Brazil,openalex_ror,Brazil,102,openalex,True
24147938,2013,Turkey,openalex_ror,Turkey|United Kingdom,82,openalex,True
24146544,2013,South Korea,openalex_ror,South Korea,7,openalex,True
24143069,2013,India,openalex_ror,India,189,openalex,True
24136568,2013,Turkey,openalex_ror,Turkey,91,openalex,True
24124547,2013,Hungary,openalex_ror,Austria|Hungary,41,openalex,True
24118846,2013,United States,openalex_ror,United States,57,openalex,True
24113461,2013,Turkey,openalex_ror,Turkey,21,openalex,True
24109889,2013,China,openalex_ror,China,1,openalex,True
24109172,2013,Lebanon,openalex_ror,Lebanon,26,openalex,True
24106128,2013,United Kingdom,openalex_ror,Kazakhstan|United Kingdom,63,openalex,True
24071810,2013,Canada,openalex_ror,Canada,32,openalex,True
24030533,2013,Hungary,openalex_ror,Hungary,14,openalex,True
24027961,2013,Romania,openalex_ror,Romania,2,openalex,True
24016346,2013,Germany,openalex_ror,Germany,20,openalex,True
24001351,2013,Canada,openalex_ror,Canada,6,openalex,True
23998198,2013,United States,openalex_ror,United States,4,openalex,True
26107036,2013,Brazil,openalex_ror,Brazil,6,openalex,True
23984411,2013,China,openalex_ror,China|Hong Kong,11,openalex,True
23978264,2013,India,openalex_ror,Hong Kong|India,29,openalex,True
23974893,2013,India,openalex_ror,India,43,openalex,True
23974880,2013,United States,openalex_ror,United States,15,openalex,True
23972311,2013,Italy,openalex_ror,Italy,24,openalex,True
23953101,2013,India,openalex_ror,India,42,openalex,True
23952843,2013,Unknown,no_affiliation,,9,openalex,True
23941330,2013,Switzerland,openalex_ror,Switzerland,71,openalex,True
23936826,2013,China,openalex_ror,Australia|China,30,openalex,True
23933527,2013,United States,openalex_ror,United States,69,openalex,True
23932484,2013,France,openalex_ror,France,0,openalex,True
23929075,2013,Brazil,openalex_ror,Brazil,16,openalex,True
23925336,2013,India,openalex_ror,India,38,openalex,True
23925334,2013,India,openalex_ror,India,30,openalex,True
23925333,2013,United States,openalex_ror,United States,98,openalex,True
23925332,2013,India,affil_country_name,India,24,openalex,True
23925331,2013,United States,openalex_ror,United States,50,openalex,True
23925330,2013,Switzerland,openalex_ror,Switzerland,51,openalex,True
23925329,2013,United States,openalex_ror,Ireland|United States,12,openalex,True
23925328,2013,India,openalex_ror,India,19,openalex,True
23925327,2013,India,openalex_ror,India,2,openalex,True
23925326,2013,Ireland,affil_country_name,Ireland,10,openalex,True
23925316,2013,India,openalex_ror,India,7,openalex,True
23920369,2013,United States,openalex_ror,United States,44,openalex,True
23902524,2013,France,affil_country_name,France,54,openalex,True
23901251,2013,Greece,openalex_ror,Greece,46,openalex,True
23889880,2013,Italy,openalex_ror,Italy,1,openalex,True
23889879,2013,Unknown,no_affiliation,,13,openalex,True
23889865,2013,United States,openalex_ror,United States,104,openalex,True
23889864,2013,Unknown,no_affiliation,,6,openalex,True
23882746,2013,Poland,openalex_ror,Poland,0,openalex,True
23879803,2013,Turkey,openalex_ror,Turkey|United Kingdom,65,openalex,True
23878503,2013,Saudi Arabia,openalex_ror,Saudi Arabia,49,openalex,True
23873492,2013,Israel,openalex_ror,Israel,36,openalex,True
23867297,2013,India,openalex_ror,India|United Kingdom,14,openalex,True
23859485,2013,Turkey,openalex_ror,Turkey,49,openalex,True
23848196,2013,Japan,openalex_ror,Japan|Russia,163,openalex,True
23847309,2013,United Kingdom,openalex_ror,United Kingdom,62,openalex,True
23844860,2013,Finland,openalex_ror,Finland,18,openalex,True
23836954,2013,Turkey,openalex_ror,Turkey,7,openalex,True
23821200,2013,Spain,openalex_ror,Spain,117,openalex,True
23820234,2013,Greece,openalex_ror,Greece,9,openalex,True
23820225,2013,Unknown,no_affiliation,,11,openalex,True
23807006,2013,Greece,openalex_ror,Greece,13,openalex,True
23803176,2013,Sweden,openalex_ror,Sweden,58,openalex,True
23796621,2013,Austria,openalex_ror,Austria,42,openalex,True
23796620,2013,Italy,openalex_ror,Italy,52,openalex,True
23794955,2013,Canada,openalex_ror,Canada,13,openalex,True
23790531,2013,Egypt,openalex_ror,Egypt,105,openalex,True
23790530,2013,Italy,openalex_ror,Italy,266,openalex,True
23790529,2013,Canada,openalex_ror,Canada,67,openalex,True
23787458,2013,Turkey,openalex_ror,Turkey,15,openalex,True
23787452,2013,Hong Kong,openalex_ror,Hong Kong,20,openalex,True
23785497,2013,Brazil,openalex_ror,Brazil,54,openalex,True
23778880,2013,Denmark,openalex_ror,Denmark,29,openalex,True
23769778,2013,Canada,openalex_ror,Canada,37,openalex,True
23760423,2013,Germany,openalex_ror,Germany,5,openalex,True
23760422,2013,Switzerland,openalex_ror,Austria|Switzerland,52,openalex,True
23739828,2013,Unknown,no_affiliation,,25,openalex,True
23739323,2013,South Korea,openalex_ror,South Korea,20,openalex,True
23736897,2013,United States,openalex_ror,United States,22,openalex,True
23718849,2013,Spain,openalex_ror,Spain,143,openalex,True
23715147,2012,Brazil,openalex_ror,Brazil|United States,19,openalex,True
23714037,2013,China,openalex_ror,China,1,openalex,True
23711873,2013,Netherlands,openalex_ror,Netherlands,100,openalex,True
23706927,2013,Canada,openalex_ror,Canada,30,openalex,True
23703462,2013,Philippines,openalex_ror,Philippines,21,openalex,True
23692299,2013,Turkey,openalex_ror,Turkey,15,openalex,True
23691390,2013,Brazil,openalex_ror,Brazil,2,openalex,True
23680760,2013,Canada,openalex_ror,Canada|United States,57,openalex,True
23673430,2013,United States,openalex_ror,United States,5,openalex,True
23665650,2013,Switzerland,openalex_ror,Switzerland,1,openalex,True
23665526,2013,United States,openalex_ror,United States,36,openalex,True
23664859,2013,United States,openalex_ror,United States,48,openalex,True
23659231,2013,United States,openalex_ror,United States,58,openalex,True
23658474,2013,Spain,openalex_ror,Spain,1,openalex,True
23656608,2013,United Kingdom,openalex_ror,United Kingdom,50,openalex,True
23640611,2013,United Kingdom,openalex_ror,United Kingdom,0,openalex,True
23629772,2013,Switzerland,openalex_ror,Switzerland,7,openalex,True
23623018,2012,Mexico,openalex_ror,Mexico,8,openalex,True
23619500,2014,India,openalex_ror,India,24,openalex,True
23614387,2013,Greece,openalex_ror,Greece,31,openalex,True
23608570,2013,Taiwan,openalex_ror,Taiwan,51,openalex,True
23608564,2013,Unknown,no_affiliation,,3,openalex,True
23599326,2013,United States,openalex_ror,United States,193,openalex,True
23594770,2013,United States,openalex_ror,United States,3,openalex,True
23594766,2013,United Kingdom,openalex_ror,United Kingdom,16,openalex,True
23586374,2013,Australia,openalex_ror,Australia,9,openalex,True
23583165,2013,Iran,openalex_ror,Iran,218,openalex,True
23583044,2013,Germany,openalex_ror,Germany,116,openalex,True
23583042,2013,Germany,openalex_ror,Germany,286,openalex,True
23582990,2013,Switzerland,openalex_ror,Switzerland,127,openalex,True
23576861,2013,Greece,openalex_ror,Greece,38,openalex,True
23572132,2013,Unknown,no_affiliation,,7,openalex,True
23571261,2014,Hungary,openalex_ror,Hungary,46,openalex,True
23538626,2013,Greece,openalex_ror,Greece,49,openalex,True
23538618,2013,Italy,openalex_ror,Italy,53,openalex,True
23522585,2013,Italy,openalex_ror,France|Italy,47,openalex,True
23521905,2013,Unknown,no_affiliation,,,,False
23521904,2013,Unknown,no_affiliation,,5,openalex,True
23515869,2013,United States,openalex_ror,United States,23,openalex,True
23506922,2013,United Kingdom,openalex_ror,United Kingdom,74,openalex,True
23506012,2013,Israel,openalex_ror,Israel,19,openalex,True
23499066,2013,Turkey,openalex_ror,Turkey,43,openalex,True
23496655,2013,New Zealand,openalex_ror,New Zealand,23,openalex,True
23483510,2013,Hungary,openalex_ror,Hungary,22,openalex,True
23483496,2013,Turkey,openalex_ror,Turkey,27,openalex,True
23463021,2013,United States,openalex_ror,United States,5,openalex,True
23449485,2013,Denmark,openalex_ror,Denmark,64,openalex,True
23447899,2012,Canada,openalex_ror,Canada,79,openalex,True
23447898,2012,United States,openalex_ror,United States,85,openalex,True
23446013,2013,United States,openalex_ror,United States,202,openalex,True
23440024,2013,Greece,openalex_ror,Greece,45,openalex,True
23424759,2012,Unknown,affil_unresolved,,0,openalex,True
23419300,2013,Canada,openalex_ror,Canada|China,40,openalex,True
23414201,2013,Australia,openalex_ror,Australia,103,openalex,True
23408187,2013,Italy,openalex_ror,Italy,2,openalex,True
23407323,2013,Japan,openalex_ror,Japan,17,openalex,True
23406488,2013,United Kingdom,openalex_ror,United Kingdom,138,openalex,True
23405038,2013,Germany,openalex_ror,Germany,0,openalex,True
23402595,2013,United Kingdom,openalex_ror,United Kingdom,28,openalex,True
23394735,2013,Unknown,no_affiliation,,11,openalex,True
23394733,2013,Unknown,no_affiliation,,4,openalex,True
23385796,2013,Denmark,openalex_ror,Denmark,27,openalex,True
23385632,2013,United Kingdom,openalex_ror,United Kingdom,119,openalex,True
23380407,2013,Lebanon,openalex_ror,Lebanon,71,openalex,True
23361513,2013,United States,openalex_ror,Spain|United States,267,openalex,True
23356663,2013,Switzerland,openalex_ror,Switzerland,62,openalex,True
23355529,2013,China,openalex_ror,Australia|China,91,openalex,True
23349690,2013,United Kingdom,openalex_ror,Japan|United Kingdom,202,openalex,True
23347375,2012,United States,openalex_ror,United States,24,openalex,True
23347374,2012,Greece,openalex_ror,Greece,64,openalex,True
23347373,2012,Spain,openalex_ror,Spain,48,openalex,True
23347372,2012,Spain,openalex_ror,Spain,86,openalex,True
23347371,2012,India,openalex_ror,India,36,openalex,True
23347370,2012,France,openalex_ror,France,4,openalex,True
23347369,2012,Italy,openalex_ror,Italy,121,openalex,True
23347368,2012,India,openalex_ror,India,129,openalex,True
23347367,2012,Switzerland,openalex_ror,Switzerland,326,openalex,True
23347365,2012,Unknown,no_affiliation,,0,openalex,True
23337554,2013,Greece,openalex_ror,Greece,46,openalex,True
23322569,2013,United States,openalex_ror,United States,59,openalex,True
23311743,2013,Saudi Arabia,openalex_ror,Saudi Arabia,36,openalex,True
23311742,2013,Turkey,openalex_ror,Turkey,75,openalex,True
23311741,2013,Hong Kong,openalex_ror,China|Hong Kong,16,openalex,True
23299484,2013,Switzerland,affil_country_name,Germany|Switzerland,265,openalex,True
23294178,2013,United Kingdom,openalex_ror,United Kingdom,151,openalex,True
23290750,2013,Italy,openalex_ror,Italy,177,openalex,True
26107862,2013,Belgium,openalex_ror,Belgium,21,openalex,True
24601176,2013,Bosnia and Herzegovina,openalex_ror,Bosnia and Herzegovina|Serbia,4,openalex,True
23263221,2013,Brazil,openalex_ror,Brazil,42,openalex,True
23258670,2012,Estonia,openalex_ror,Estonia|Germany,2,openalex,True
23258309,2012,United Kingdom,openalex_ror,United Kingdom,79,openalex,True
23252029,2012,Unknown,no_affiliation,,1,openalex,True
23225837,2012,China,openalex_ror,China,3,openalex,True
23221887,2013,Japan,openalex_ror,Japan,20,openalex,True
23195271,2012,Unknown,no_affiliation,,5,openalex,True
23195270,2012,Unknown,no_affiliation,,20,openalex,True
23187160,2013,Switzerland,openalex_ror,Switzerland,62,openalex,True
23185178,2012,Mexico,affil_country_name,Mexico,2,openalex,True
23180236,2012,Brazil,openalex_ror,Brazil|United States,64,openalex,True
23179311,2012,South Korea,openalex_ror,South Korea,58,openalex,True
23172117,2013,China,openalex_ror,China,15,openalex,True
23163266,2012,United States,openalex_ror,United States,16,openalex,True
23152658,2012,Italy,openalex_ror,Italy,17,openalex,True
23152657,2012,Italy,openalex_ror,Italy,123,openalex,True
23145528,2012,Australia,openalex_ror,Australia,44,openalex,True
23132450,2013,Italy,openalex_ror,Italy|United States,157,openalex,True
23086376,2013,Germany,openalex_ror,Germany,0,openalex,True
23086375,2013,China,openalex_ror,China,17,openalex,True
23086357,2013,France,openalex_ror,France,60,openalex,True
23062001,2012,United States,openalex_ror,United States,146,openalex,True
23056269,2012,China,openalex_ror,China|Norway|Taiwan,9,openalex,True
23053334,2012,Germany,openalex_ror,Germany|United Kingdom,10,openalex,True
23051909,2013,China,openalex_ror,China,5,openalex,True
23046664,2012,Italy,openalex_ror,Italy,73,openalex,True
23041260,2012,Czechia,openalex_ror,Czechia,116,openalex,True
23023410,2013,Brazil,openalex_ror,Brazil,58,openalex,True
23022158,2012,Italy,openalex_ror,Italy,94,openalex,True
23015020,2012,Iran,openalex_ror,Iran,49,openalex,True
23010775,2012,Unknown,no_affiliation,,,,False
22999652,2012,United Kingdom,openalex_ror,Singapore|United Kingdom,77,openalex,True
22999628,2012,Unknown,no_affiliation,,1,openalex,True
22999627,2012,Unknown,no_affiliation,,0,openalex,True
22991650,2012,Hong Kong,openalex_ror,China|Hong Kong,75,openalex,True
22981526,2012,France,openalex_ror,France,37,openalex,True
22978296,2012,Greece,openalex_ror,Greece,7,openalex,True
22960648,2012,India,openalex_ror,India,75,openalex,True
22959362,2012,India,affil_country_name,India|United States,128,openalex,True
22947293,2012,Hungary,openalex_ror,Germany|Hungary,26,openalex,True
22947285,2012,Unknown,no_affiliation,,0,openalex,True
22942165,2012,India,openalex_ror,India,37,openalex,True
22940781,2012,Brazil,openalex_ror,Brazil,20,openalex,True
22929160,2013,Argentina,openalex_ror,Argentina,56,openalex,True
22906467,2012,Unknown,no_affiliation,,5,openalex,True
22906447,2012,Greece,openalex_ror,Greece,20,openalex,True
22900147,2012,Norway,openalex_ror,China|Norway,63,openalex,True
22898341,2012,United States,openalex_ror,United States,13,openalex,True
22895045,2013,Italy,openalex_ror,Italy,22,openalex,True
22892583,2012,Switzerland,openalex_ror,Switzerland,21,openalex,True
22888210,2012,Greece,openalex_ror,Greece,98,openalex,True
22883842,2012,Canada,openalex_ror,Canada,38,openalex,True
22879413,2012,United States,openalex_ror,United States,2,openalex,True
22871842,2012,Israel,affil_country_name,Israel|United States,33,openalex,True
22871840,2012,France,openalex_ror,France,57,openalex,True
22868628,2013,Canada,openalex_ror,Canada,7,openalex,True
22868444,2012,Germany,openalex_ror,Germany,17,openalex,True
22858060,2012,Israel,openalex_ror,Israel|United States,66,openalex,True
22833877,2012,United Kingdom,openalex_ror,Israel|United Kingdom,26,openalex,True
22820606,2013,Italy,openalex_ror,Italy,10,openalex,True
22814080,2012,Unknown,no_affiliation,,0,openalex,True
22814049,2012,Turkey,openalex_ror,Turkey|United Kingdom,116,openalex,True
22792444,2012,United States,affil_country_name,United States,13,openalex,True
22785060,2012,Italy,openalex_ror,Italy,37,openalex,True
22785058,2012,Switzerland,openalex_ror,Switzerland,18,openalex,True
22784969,2012,India,openalex_ror,India,41,openalex,True
22767165,2012,Hong Kong,openalex_ror,Hong Kong|Taiwan,69,openalex,True
22762048,2012,China,openalex_ror,China,37,openalex,True
22762039,2012,China,openalex_ror,China,18,openalex,True
22760800,2012,Brazil,openalex_ror,Brazil,0,openalex,True
22736617,2012,Spain,openalex_ror,Greece|Spain,34,openalex,True
22729432,2012,Greece,openalex_ror,Greece,21,openalex,True
22727312,2012,Unknown,no_affiliation,,17,openalex,True
22710492,2012,India,openalex_ror,India,87,openalex,True
22701079,2012,Greece,openalex_ror,Greece|United States,105,openalex,True
22692526,2012,United States,openalex_ror,United States,11,openalex,True
22692521,2012,United States,openalex_ror,United States,100,openalex,True
22683058,2012,Greece,openalex_ror,Greece,138,openalex,True
22673851,2012,India,openalex_ror,India,36,openalex,True
22668580,2012,Unknown,no_affiliation,,2,openalex,True
22661479,2012,United States,openalex_ror,United States,133,openalex,True
22633357,2012,Italy,openalex_ror,Italy|Switzerland,224,openalex,True
22624908,2012,Norway,openalex_ror,Norway,36,openalex,True
22624904,2012,France,openalex_ror,France,35,openalex,True
22624899,2012,Belgium,openalex_ror,Belgium,137,openalex,True
22605919,2012,Colombia,openalex_ror,Colombia,42,openalex,True
22589434,2012,United States,openalex_ror,United States,8,openalex,True
22580432,2013,Germany,openalex_ror,Germany,70,openalex,True
22570545,2012,Greece,openalex_ror,Greece,14,openalex,True
22569472,2012,United States,openalex_ror,United States,53,openalex,True
22569470,2012,United States,openalex_ror,United States,59,openalex,True
22569468,2012,United States,openalex_ror,United States,34,openalex,True
22559332,2012,Germany,openalex_ror,Germany,220,openalex,True
22547128,2013,Brazil,openalex_ror,Brazil,100,openalex,True
22531433,2012,United States,openalex_ror,United States,39,openalex,True
22516151,2012,Unknown,no_affiliation,,21,openalex,True
22496015,2012,Switzerland,openalex_ror,Switzerland,52,openalex,True
22472250,2012,Unknown,no_affiliation,,14,openalex,True
22467939,2012,Israel,openalex_ror,Israel,1,openalex,True
22454729,2011,Iran,openalex_ror,Iran,37,openalex,True
22454728,2011,Singapore,openalex_ror,Singapore,8,openalex,True
22443804,2012,Saudi Arabia,openalex_ror,Saudi Arabia,73,openalex,True
22435096,2012,Spain,openalex_ror,Spain,139,openalex,True
22427580,2012,United States,openalex_ror,United States,331,openalex,True
22427568,2012,United States,openalex_ror,United States,36,openalex,True
22425362,2012,Turkey,openalex_ror,Turkey,105,openalex,True
22420024,2012,Italy,openalex_ror,Italy,197,openalex,True
22413749,2012,Australia,openalex_ror,Australia|India,254,openalex,True
22378115,2012,Brazil,openalex_ror,Brazil|United States,62,openalex,True
22378112,2012,Israel,openalex_ror,Israel,124,openalex,True
22365579,2012,Greece,openalex_ror,Greece,39,openalex,True
22362237,2012,Italy,openalex_ror,Italy,6,openalex,True
22362227,2012,Italy,openalex_ror,Italy,0,openalex,True
22357381,2012,India,openalex_ror,India,18,openalex,True
22350551,2012,Germany,openalex_ror,Germany,28,openalex,True
22349981,2012,Sweden,openalex_ror,Sweden,1,openalex,True
22347790,2012,Greece,openalex_ror,Greece,22,openalex,True
22344471,2012,Italy,openalex_ror,Italy,95,openalex,True
22342006,2012,United States,openalex_ror,United States,63,openalex,True
22335811,2012,Germany,openalex_ror,Germany,0,openalex,True
22331148,2012,China,openalex_ror,China,3,openalex,True
22322165,2012,United States,openalex_ror,United States,127,openalex,True
22316648,2012,Switzerland,openalex_ror,Switzerland,29,openalex,True
22314818,2012,Turkey,openalex_ror,Turkey,66,openalex,True
22314815,2012,Singapore,openalex_ror,Singapore,117,openalex,True
22292112,2012,Turkey,affil_country_name,Turkey,28,openalex,True
22288005,2012,Germany,openalex_ror,Germany,79,openalex,True
22275813,2012,Greece,openalex_ror,Greece,200,openalex,True
22267456,2012,Greece,openalex_ror,Greece,10,openalex,True
22265143,2012,Brazil,openalex_ror,Brazil,50,openalex,True
22264953,2012,Unknown,no_affiliation,,3,openalex,True
22261324,2012,Spain,openalex_ror,Spain,66,openalex,True
22254130,2011,India,openalex_ror,India,212,openalex,True
22236781,2012,Greece,openalex_ror,Greece,95,openalex,True
22222507,2012,Switzerland,openalex_ror,Switzerland,94,openalex,True
22189856,2011,Greece,openalex_ror,Greece,70,openalex,True
22183995,2011,Brazil,openalex_ror,Brazil,72,openalex,True
22165094,2011,Unknown,no_affiliation,,10,openalex,True
22159012,2012,United States,openalex_ror,United States,359,openalex,True
22153823,2012,United States,openalex_ror,United States,65,openalex,True
22139351,2011,Turkey,openalex_ror,Turkey,60,openalex,True
22136690,2011,Unknown,no_affiliation,,6,openalex,True
22136675,2011,Unknown,no_affiliation,,14,openalex,True
22134403,2012,India,openalex_ror,India,3,openalex,True
22108117,2011,Colombia,openalex_ror,Colombia,7,openalex,True
22108109,2011,France,openalex_ror,Brazil|France,212,openalex,True
22107942,2011,Unknown,no_affiliation,,3,openalex,True
22104644,2011,Italy,affil_country_name,Italy|United States,251,openalex,True
22081155,2012,Argentina,openalex_ror,Argentina,90,openalex,True
22081152,2012,Spain,openalex_ror,Spain,11,openalex,True
22074467,2011,Canada,openalex_ror,Canada,59,openalex,True
22064989,2011,United States,openalex_ror,United States,32,openalex,True
22058341,2011,Brazil,openalex_ror,Brazil|United States,59,openalex,True
22051781,2012,Netherlands,openalex_ror,Netherlands,32,openalex,True
22039707,2011,France,openalex_ror,France,6,openalex,True
22039252,2011,United States,openalex_ror,United States,165,openalex,True
22029948,2011,France,openalex_ror,CI|France,0,openalex,True
22025568,2011,Switzerland,openalex_ror,Switzerland,223,openalex,True
22020986,2012,Spain,openalex_ror,Spain,24,openalex,True
22001813,2011,India,openalex_ror,India,104,openalex,True
21993470,2012,United States,openalex_ror,United States,100,openalex,True
21993465,2011,Netherlands,openalex_ror,Netherlands,49,openalex,True
21992713,2011,Spain,openalex_ror,Spain,78,openalex,True
21966201,2011,Saudi Arabia,openalex_ror,Saudi Arabia,59,openalex,True
21955632,2011,Germany,openalex_ror,Germany,38,openalex,True
21941509,2011,Mexico,openalex_ror,Mexico,42,openalex,True
21930257,2011,United Kingdom,openalex_ror,Italy|United Kingdom,38,openalex,True
21909873,2011,United Kingdom,openalex_ror,Germany|United Kingdom,21,openalex,True
21899241,2011,Unknown,no_affiliation,,16,openalex,True
21874347,2011,Sweden,openalex_ror,Sweden|United Kingdom,186,openalex,True
21873026,2011,Brazil,openalex_ror,Brazil,21,openalex,True
21871140,2011,Netherlands,openalex_ror,Netherlands,1,openalex,True
21865199,2011,United Kingdom,openalex_ror,United Kingdom,2,openalex,True
21861976,2011,Greece,openalex_ror,Greece,173,openalex,True
21858523,2011,Germany,openalex_ror,Germany,13,openalex,True
21853961,2011,Italy,openalex_ror,Italy,13,openalex,True
21850225,2011,United Kingdom,openalex_ror,Switzerland|United Kingdom,66,openalex,True
21847678,2011,Greece,openalex_ror,Greece,46,openalex,True
21837270,2011,Italy,openalex_ror,Italy,104,openalex,True
21795286,2011,Belgium,openalex_ror,Belgium,15,openalex,True
21794846,2011,Greece,openalex_ror,Greece,114,openalex,True
21786270,2012,Italy,openalex_ror,Italy,24,openalex,True
21786268,2012,Egypt,openalex_ror,Egypt,34,openalex,True
21782091,2011,Switzerland,openalex_ror,Switzerland,182,openalex,True
21763309,2011,China,openalex_ror,China,42,openalex,True
21751766,2011,Spain,openalex_ror,Spain,51,openalex,True
21732526,2011,United Kingdom,openalex_ror,China|United Kingdom,59,openalex,True
21726844,2011,Finland,openalex_ror,Finland,114,openalex,True
21724915,2011,United States,openalex_ror,United States,55,openalex,True
21721263,2011,Unknown,no_affiliation,,26,openalex,True
21718406,2011,Germany,openalex_ror,Germany,2,openalex,True
23960934,2011,Canada,openalex_ror,Canada,8,openalex,True
21700105,2011,United States,openalex_ror,United States,180,openalex,True
21688763,2011,Netherlands,openalex_ror,Netherlands,37,openalex,True
21670914,2011,Brazil,openalex_ror,Brazil,3,openalex,True
21656435,2011,Germany,openalex_ror,Germany,21,openalex,True
21656433,2011,Germany,openalex_ror,Germany,7,openalex,True
21617595,2011,Italy,openalex_ror,,11,openalex,True
21574162,2012,Greece,openalex_ror,Greece,15,openalex,True
21572736,2011,Iran,openalex_ror,Iran,18,openalex,True
21529763,2011,Germany,openalex_ror,Germany,149,openalex,True
21508101,2011,United States,openalex_ror,United States,47,openalex,True
21507377,2011,China,openalex_ror,China,29,openalex,True
21498616,2011,Germany,openalex_ror,Germany,25,openalex,True
21496288,2011,Greece,openalex_ror,Greece,61,openalex,True
21494876,2011,Spain,openalex_ror,Spain,76,openalex,True
21475609,2011,Italy,openalex_ror,Italy,3,openalex,True
21467175,2011,Spain,openalex_ror,Spain,81,openalex,True
21464703,2011,Spain,openalex_ror,Spain,26,openalex,True
21448301,2011,Russia,openalex_ror,Russia|Turkey|United States,20,openalex,True
21448300,2011,Greece,openalex_ror,Greece,10,openalex,True
21420595,2011,Egypt,openalex_ror,Egypt,41,openalex,True
21420594,2011,United States,openalex_ror,United States,240,openalex,True
21416705,2010,Czechia,openalex_ror,Czechia,0,openalex,True
21402996,2011,Singapore,openalex_ror,Singapore,40,openalex,True
21399770,2011,Germany,openalex_ror,Germany,88,openalex,True
21399769,2011,Greece,openalex_ror,Greece|Russia|Turkey,55,openalex,True
21399768,2011,Greece,openalex_ror,Greece,46,openalex,True
21389853,2011,United States,openalex_ror,United States,111,openalex,True
21383580,2011,Unknown,no_affiliation,,8,openalex,True
21366205,2011,Greece,openalex_ror,Greece,48,openalex,True
21357598,2011,United States,openalex_ror,Germany|Italy|United States,77,openalex,True
21349938,2011,United Kingdom,openalex_ror,United Kingdom,205,openalex,True
21335557,2011,United States,openalex_ror,United States,200,openalex,True
21317670,2011,Ireland,openalex_ror,Australia|Ireland,3,openalex,True
21310802,2011,Spain,openalex_ror,Germany|Spain,71,openalex,True
21282989,2011,United Kingdom,openalex_ror,United Kingdom,6,openalex,True
21275608,2011,Germany,openalex_ror,Germany,12,openalex,True
21243976,2011,Germany,openalex_ror,Germany,128,openalex,True
21210571,2011,Peru,openalex_ror,Canada|Peru,64,openalex,True
23074417,2011,Unknown,no_affiliation,,25,openalex,True
21188957,2010,China,openalex_ror,China,5,openalex,True
21183111,2011,United Kingdom,openalex_ror,United Kingdom,27,openalex,True
21183110,2011,United States,openalex_ror,United States,455,openalex,True
21180440,2010,Iran,openalex_ror,Iran,31,openalex,True
21162472,2010,Turkey,openalex_ror,Turkey,57,openalex,True
21162471,2010,United States,openalex_ror,United States,52,openalex,True
21155987,2010,Italy,openalex_ror,Italy,13,openalex,True
21117539,2010,Greece,openalex_ror,Greece,199,openalex,True
21111320,2010,Germany,openalex_ror,Germany,55,openalex,True
21111314,2010,United States,openalex_ror,United States,295,openalex,True
21110504,2010,Belgium,openalex_ror,Belgium,37,openalex,True
21106042,2010,Italy,openalex_ror,Italy,15,openalex,True
21102196,2010,Sweden,openalex_ror,Sweden,167,openalex,True
21091008,2010,United States,openalex_ror,United States,41,openalex,True
21052551,2010,Greece,openalex_ror,Greece|United States,50,openalex,True
21045662,2011,Peru,affil_country_name,Canada|Peru|United States,103,openalex,True
20958193,2010,Germany,openalex_ror,Germany,32,openalex,True
20954679,2010,United States,openalex_ror,United States,137,openalex,True
20954581,2010,United Kingdom,openalex_ror,United Kingdom,56,openalex,True
20935304,2010,Switzerland,openalex_ror,Italy|Switzerland,37,openalex,True
20888486,2010,Unknown,no_affiliation,,14,openalex,True
20888485,2010,Unknown,no_affiliation,,1,openalex,True
20884060,2010,United States,openalex_ror,Costa Rica|United States,137,openalex,True
20881444,2010,Germany,openalex_ror,Germany,52,openalex,True
20873705,2010,Switzerland,openalex_ror,Switzerland,43,openalex,True
20870126,2010,Greece,openalex_ror,Greece,51,openalex,True
20870120,2010,Iran,openalex_ror,Egypt|Iran,71,openalex,True
20870119,2010,Greece,openalex_ror,Greece,41,openalex,True
20863921,2010,Unknown,no_affiliation,,16,openalex,True
20861724,2011,Germany,openalex_ror,Germany,33,openalex,True
20861723,2011,Italy,openalex_ror,Italy,38,openalex,True
20861721,2011,Germany,openalex_ror,Germany,14,openalex,True
20839768,2010,Unknown,no_affiliation,,20,openalex,True
20813743,2010,Egypt,openalex_ror,Egypt|Saudi Arabia,12,openalex,True
20805127,2010,United States,openalex_ror,United States,29,openalex,True
20795586,2010,Spain,openalex_ror,Spain,42,openalex,True
20679077,2010,Germany,openalex_ror,Germany,90,openalex,True
20673048,2010,Germany,openalex_ror,Germany,4,openalex,True
20656182,2010,Unknown,no_affiliation,,2,openalex,True
20654221,2010,China,affil_country_name,China,1,openalex,True
20622670,2010,Brazil,openalex_ror,Brazil,7,openalex,True
20611020,2010,United Kingdom,openalex_ror,United Kingdom,32,openalex,True
20610102,2010,United States,openalex_ror,United States,31,openalex,True
20602296,2010,Germany,openalex_ror,Germany,1,openalex,True
20584709,2010,Egypt,openalex_ror,Egypt,88,openalex,True
20577084,2010,Austria,openalex_ror,Austria,30,openalex,True
20543933,2010,India,openalex_ror,Brazil|Greece|India|Serbia|Turkey,45,openalex,True
20543932,2010,United States,openalex_ror,United States,109,openalex,True
20534933,2010,India,openalex_ror,India,0,openalex,True
20524791,2010,Greece,openalex_ror,Greece,46,openalex,True
20524225,2010,Unknown,no_affiliation,,2,openalex,True
20508511,2010,Germany,openalex_ror,Germany,50,openalex,True
20489623,2010,United States,openalex_ror,United States,54,openalex,True
20489599,2010,Brazil,openalex_ror,Brazil,38,openalex,True
20481415,2010,Switzerland,openalex_ror,Switzerland,6,openalex,True
20463316,2010,Greece,openalex_ror,Greece,64,openalex,True
20458230,2010,Brazil,openalex_ror,Brazil,46,openalex,True
20456255,2010,Italy,openalex_ror,Italy,121,openalex,True
20447971,2010,Switzerland,openalex_ror,Switzerland,45,openalex,True
20447101,2010,Italy,affil_country_name,Italy,117,openalex,True
20438026,2010,Greece,openalex_ror,Greece,46,openalex,True
20438025,2010,Italy,openalex_ror,Italy|United States,112,openalex,True
20404993,2009,Egypt,openalex_ror,Egypt,33,openalex,True
20398104,2010,Australia,openalex_ror,Australia,365,openalex,True
20376462,2010,Germany,openalex_ror,Germany,15,openalex,True
20376458,2010,Austria,openalex_ror,Austria,47,openalex,True
20362860,2010,Colombia,openalex_ror,Colombia,98,openalex,True
20335618,2010,France,openalex_ror,France,85,openalex,True
20335615,2010,Spain,openalex_ror,Spain,174,openalex,True
20334780,2010,Denmark,openalex_ror,Denmark,0,openalex,True
20207972,2010,Germany,affil_country_name,Germany,50,openalex,True
20202556,2010,India,openalex_ror,India,137,openalex,True
20166621,2010,United Kingdom,openalex_ror,United Kingdom,231,openalex,True
20164744,2010,Israel,openalex_ror,Israel,85,openalex,True
20164740,2010,United States,openalex_ror,United States,35,openalex,True
20163079,2010,Norway,openalex_ror,Norway,142,openalex,True
20152609,2010,Brazil,openalex_ror,Brazil,81,openalex,True
20138607,2010,Italy,openalex_ror,Italy,693,openalex,True
20136421,2010,Denmark,openalex_ror,Denmark,67,openalex,True
20128533,2010,Italy,openalex_ror,Italy,109,openalex,True
20117737,2010,Unknown,no_affiliation,Australia|Italy,53,openalex,True
20117734,2010,Unknown,no_affiliation,,9,openalex,True
20117714,2010,Germany,openalex_ror,Cuba|Germany,176,openalex,True
20107418,2010,Belgium,openalex_ror,Belgium,23,openalex,True
20091179,2010,Unknown,no_affiliation,,1,openalex,True
20071684,2010,United States,openalex_ror,United States,25,openalex,True
20053427,2010,Italy,openalex_ror,Italy,22,openalex,True
21516868,2010,Romania,openalex_ror,Romania,0,openalex,True
21516866,2010,Romania,openalex_ror,Romania,0,openalex,True
20023590,2010,Greece,openalex_ror,Greece,59,openalex,True
20023583,2010,Greece,openalex_ror,Greece,39,openalex,True
20000284,2009,Unknown,no_affiliation,,0,openalex,True
19969212,2009,Turkey,openalex_ror,Turkey,182,openalex,True
19928694,2009,Argentina,openalex_ror,Argentina,61,openalex,True
19921518,2009,Sweden,openalex_ror,Sweden,98,openalex,True
19907307,2010,India,openalex_ror,India,71,openalex,True
19853404,2009,Italy,openalex_ror,Italy,3,openalex,True
19850346,2009,Greece,openalex_ror,Greece,119,openalex,True
19835329,2009,Japan,openalex_ror,Japan,142,openalex,True
19835328,2009,United States,openalex_ror,United States,121,openalex,True
19822840,2009,Italy,openalex_ror,Italy,195,openalex,True
19820784,2009,Brazil,openalex_ror,Brazil|United Kingdom,16,openalex,True
19781685,2009,Netherlands,affil_country_name,Netherlands,188,openalex,True
19772262,2009,United Kingdom,openalex_ror,United Kingdom,87,openalex,True
19772259,2009,Germany,openalex_ror,Germany,219,openalex,True
19772258,2009,Belgium,openalex_ror,Belgium,103,openalex,True
19772257,2009,Greece,openalex_ror,Greece,318,openalex,True
19772256,2009,Greece,openalex_ror,Greece|United States,198,openalex,True
19772255,2009,Denmark,openalex_ror,Denmark,68,openalex,True
19772254,2009,United States,openalex_ror,United States,84,openalex,True
19772252,2009,United States,openalex_ror,United States,4,openalex,True
19772221,2010,Italy,openalex_ror,France|Italy,125,openalex,True
19750424,2009,Germany,openalex_ror,Germany,9,openalex,True
19731884,2009,Greece,openalex_ror,Greece,156,openalex,True
19730094,2010,Sweden,openalex_ror,Sweden,114,openalex,True
19715585,2009,Greece,openalex_ror,Greece|Serbia|Turkey|United States,67,openalex,True
19714796,2009,United Kingdom,openalex_ror,United Kingdom,29,openalex,True
19714792,2009,Unknown,no_affiliation,,3,openalex,True
19697846,2009,Romania,openalex_ror,Romania,0,openalex,True
19668440,2008,Israel,openalex_ror,Israel,40,openalex,True
19666925,2009,United Kingdom,openalex_ror,United Kingdom,131,openalex,True
19643975,2009,United States,affil_country_name,United States,305,openalex,True
19631121,2009,Norway,openalex_ror,Norway,33,openalex,True
19631120,2009,Switzerland,openalex_ror,Switzerland,601,openalex,True
19574920,2009,Hungary,openalex_ror,Hungary,100,openalex,True
19569610,2009,Romania,openalex_ror,Romania,2,openalex,True
19545822,2009,Greece,openalex_ror,Greece,90,openalex,True
19515306,2009,France,openalex_ror,France,25,openalex,True
19465303,2009,Spain,openalex_ror,Cyprus|Spain,139,openalex,True
19432845,2009,Germany,openalex_ror,Germany,40,openalex,True
19431928,2009,Turkey,openalex_ror,Serbia|Turkey,194,openalex,True
19426404,2009,New Zealand,openalex_ror,New Zealand,79,openalex,True
19423431,2009,France,openalex_ror,France,231,openalex,True
19421050,2009,Israel,openalex_ror,Israel,108,openalex,True
19421048,2009,Switzerland,openalex_ror,Italy|Switzerland,144,openalex,True
19411973,2009,Australia,openalex_ror,Australia|Turkey,143,openalex,True
19393890,2009,Cyprus,openalex_ror,Cyprus,219,openalex,True
19304108,2009,Italy,openalex_ror,Belgium|Italy,158,openalex,True
19304080,2009,Switzerland,openalex_ror,Egypt|Switzerland,361,openalex,True
19253251,2009,Italy,openalex_ror,Italy,82,openalex,True
19251159,2009,Unknown,no_affiliation,,96,openalex,True
19251154,2009,Germany,openalex_ror,Germany,179,openalex,True
19251149,2009,Germany,openalex_ror,Germany,312,openalex,True
19251133,2009,India,openalex_ror,India,180,openalex,True
19237783,2009,Australia,openalex_ror,Australia,100,openalex,True
19200532,2009,Greece,openalex_ror,Greece,140,openalex,True
19169512,2008,United Kingdom,openalex_ror,Brazil|Czechia|United Kingdom,32,openalex,True
19167087,2009,Italy,openalex_ror,Italy|Switzerland,463,openalex,True
19122475,2008,South Korea,openalex_ror,Germany|South Korea,97,openalex,True
21234222,2009,Oman,openalex_ror,Oman,74,openalex,True
20361644,2009,Romania,openalex_ror,Romania,0,openalex,True
19092408,2009,United States,openalex_ror,United States,64,openalex,True
19027539,2008,Unknown,no_affiliation,,4,openalex,True
19006714,2008,Unknown,no_affiliation,,7,openalex,True
18836172,2008,Canada,openalex_ror,Canada,35,openalex,True
18812094,2008,Unknown,no_affiliation,,7,openalex,True
18811123,2008,United States,openalex_ror,United States,45,openalex,True
18811121,2008,Germany,openalex_ror,Germany,281,openalex,True
18811120,2008,United States,openalex_ror,United States,81,openalex,True
18811119,2008,Turkey,openalex_ror,Turkey,96,openalex,True
18811118,2008,Australia,affil_country_name,Australia,340,openalex,True
18811117,2008,Brazil,openalex_ror,Brazil,76,openalex,True
18811116,2008,United States,openalex_ror,United States,4,openalex,True
18791720,2008,Germany,openalex_ror,Germany,8,openalex,True
18698146,2008,Germany,openalex_ror,Germany,35,openalex,True
18672225,2008,Italy,openalex_ror,Italy,293,openalex,True
18670782,2008,Germany,openalex_ror,Germany,22,openalex,True
18616942,2008,Canada,openalex_ror,Canada|United States,29,openalex,True
18604541,2009,Germany,openalex_ror,Germany,53,openalex,True
18604540,2009,Germany,openalex_ror,Germany,9,openalex,True
18571094,2008,Switzerland,openalex_ror,Hungary|Switzerland,81,openalex,True
18547280,2008,Germany,openalex_ror,Germany|Russia,186,openalex,True
18537929,2008,Denmark,openalex_ror,Denmark,60,openalex,True
18520510,2008,Switzerland,openalex_ror,Germany|Switzerland,316,openalex,True
18498974,2008,United States,openalex_ror,United States,14,openalex,True
18498973,2008,Unknown,no_affiliation,,2,openalex,True
18471635,2008,Germany,openalex_ror,Germany,959,openalex,True
18408193,2008,United States,openalex_ror,Russia|United States,279,openalex,True
18362667,2008,Germany,openalex_ror,Austria|Germany,95,openalex,True
18361990,2008,United Kingdom,openalex_ror,United Kingdom,125,openalex,True
18361955,2008,Unknown,no_affiliation,,5,openalex,True
18299061,2008,United States,openalex_ror,United States,63,openalex,True
18293264,2008,Germany,openalex_ror,Germany,45,openalex,True
18236379,2008,Switzerland,openalex_ror,Switzerland,47,openalex,True
18055797,2007,Switzerland,affil_country_name,Switzerland,32,openalex,True
18055575,2007,United Kingdom,openalex_ror,United Kingdom,93,openalex,True
18053917,2007,Greece,openalex_ror,Greece,86,openalex,True
18053900,2007,Switzerland,openalex_ror,Switzerland,439,openalex,True
17964410,2007,Greece,openalex_ror,Greece,220,openalex,True
17955247,2008,Germany,openalex_ror,Germany,51,openalex,True
17900232,2007,United States,openalex_ror,United States,20,openalex,True
17846959,2007,Switzerland,openalex_ror,Switzerland,33,openalex,True
17846958,2007,Germany,openalex_ror,Germany,3,openalex,True
17760642,2007,Italy,openalex_ror,Italy,239,openalex,True
17720054,2007,Unknown,no_affiliation,,4,openalex,True
17667633,2007,Greece,openalex_ror,Greece|United States,300,openalex,True
17661057,2008,Germany,openalex_ror,Germany,40,openalex,True
17598583,2007,United States,openalex_ror,United States,21,openalex,True
17586362,2007,Unknown,no_affiliation,,21,openalex,True
17568202,2007,Singapore,openalex_ror,Singapore,83,openalex,True
17531694,2007,Italy,openalex_ror,Italy,39,openalex,True
17525659,2007,Russia,openalex_ror,Germany|Russia,130,openalex,True
17457184,2007,Italy,openalex_ror,Italy|United States,363,openalex,True
17457183,2007,Germany,openalex_ror,Germany|Switzerland|United States,811,openalex,True
17321404,2007,Germany,openalex_ror,Germany,195,openalex,True
17269250,2007,United States,openalex_ror,United States,11,openalex,True
17269248,2007,United States,openalex_ror,United States,67,openalex,True
17269246,2007,United States,openalex_ror,Brazil|United States,84,openalex,True
17189797,2007,United Kingdom,openalex_ror,United Kingdom|United States,256,openalex,True
17133053,2006,Switzerland,affil_country_name,Switzerland,377,openalex,True
16952090,2006,Italy,openalex_ror,Italy,80,openalex,True
16932057,2006,United States,openalex_ror,United States,83,openalex,True
16900036,2006,United States,openalex_ror,United States,218,openalex,True
16900027,2006,Germany,openalex_ror,Germany,660,openalex,True
16765803,2006,Italy,openalex_ror,Italy,411,openalex,True
16565005,2006,Germany,openalex_ror,Germany,450,openalex,True
15912463,2005,Germany,openalex_ror,Germany,95,openalex,True
15370365,2004,Germany,openalex_ror,Germany|Switzerland,662,openalex,True
15220736,2004,Germany,affil_country_name,Germany|Switzerland,374,openalex,True
15004504,2004,Germany,openalex_ror,Germany|Switzerland|United States,168,openalex,True
14739922,2004,Germany,openalex_ror,Germany|Switzerland,255,openalex,True
14701957,2004,Germany,openalex_ror,Germany|Switzerland,380,openalex,True
14688422,2003,Germany,openalex_ror,Germany|United States,275,openalex,True
14522302,2003,Germany,openalex_ror,Germany|Switzerland,367,openalex,True
14522301,2003,Germany,openalex_ror,Germany|Switzerland,1028,openalex,True
12719068,2003,Germany,openalex_ror,Germany|Switzerland,2979,openalex,True
12557025,2003,Germany,openalex_ror,Germany,171,openalex,True
